-- MySQL dump 10.13  Distrib 8.0.32, for Linux (x86_64)
--
-- Host: localhost    Database: regapa_db
-- ------------------------------------------------------
-- Server version	8.0.32-0ubuntu0.20.04.2

/*!40101 SET @OLD_CHARACTER_SET_CLIENT=@@CHARACTER_SET_CLIENT */;
/*!40101 SET @OLD_CHARACTER_SET_RESULTS=@@CHARACTER_SET_RESULTS */;
/*!40101 SET @OLD_COLLATION_CONNECTION=@@COLLATION_CONNECTION */;
/*!50503 SET NAMES utf8mb4 */;
/*!40103 SET @OLD_TIME_ZONE=@@TIME_ZONE */;
/*!40103 SET TIME_ZONE='+00:00' */;
/*!40014 SET @OLD_UNIQUE_CHECKS=@@UNIQUE_CHECKS, UNIQUE_CHECKS=0 */;
/*!40014 SET @OLD_FOREIGN_KEY_CHECKS=@@FOREIGN_KEY_CHECKS, FOREIGN_KEY_CHECKS=0 */;
/*!40101 SET @OLD_SQL_MODE=@@SQL_MODE, SQL_MODE='NO_AUTO_VALUE_ON_ZERO' */;
/*!40111 SET @OLD_SQL_NOTES=@@SQL_NOTES, SQL_NOTES=0 */;

--
-- Table structure for table `active_years`
--

DROP TABLE IF EXISTS `active_years`;
/*!40101 SET @saved_cs_client     = @@character_set_client */;
/*!50503 SET character_set_client = utf8mb4 */;
CREATE TABLE `active_years` (
  `id` bigint unsigned NOT NULL AUTO_INCREMENT,
  `title` varchar(255) COLLATE utf8mb4_unicode_ci NOT NULL,
  `created_at` timestamp NULL DEFAULT NULL,
  `updated_at` timestamp NULL DEFAULT NULL,
  PRIMARY KEY (`id`)
) ENGINE=InnoDB DEFAULT CHARSET=utf8mb4 COLLATE=utf8mb4_unicode_ci;
/*!40101 SET character_set_client = @saved_cs_client */;

--
-- Dumping data for table `active_years`
--

LOCK TABLES `active_years` WRITE;
/*!40000 ALTER TABLE `active_years` DISABLE KEYS */;
/*!40000 ALTER TABLE `active_years` ENABLE KEYS */;
UNLOCK TABLES;

--
-- Table structure for table `failed_jobs`
--

DROP TABLE IF EXISTS `failed_jobs`;
/*!40101 SET @saved_cs_client     = @@character_set_client */;
/*!50503 SET character_set_client = utf8mb4 */;
CREATE TABLE `failed_jobs` (
  `id` bigint unsigned NOT NULL AUTO_INCREMENT,
  `uuid` varchar(255) COLLATE utf8mb4_unicode_ci NOT NULL,
  `connection` text COLLATE utf8mb4_unicode_ci NOT NULL,
  `queue` text COLLATE utf8mb4_unicode_ci NOT NULL,
  `payload` longtext COLLATE utf8mb4_unicode_ci NOT NULL,
  `exception` longtext COLLATE utf8mb4_unicode_ci NOT NULL,
  `failed_at` timestamp NOT NULL DEFAULT CURRENT_TIMESTAMP,
  PRIMARY KEY (`id`),
  UNIQUE KEY `failed_jobs_uuid_unique` (`uuid`)
) ENGINE=InnoDB DEFAULT CHARSET=utf8mb4 COLLATE=utf8mb4_unicode_ci;
/*!40101 SET character_set_client = @saved_cs_client */;

--
-- Dumping data for table `failed_jobs`
--

LOCK TABLES `failed_jobs` WRITE;
/*!40000 ALTER TABLE `failed_jobs` DISABLE KEYS */;
/*!40000 ALTER TABLE `failed_jobs` ENABLE KEYS */;
UNLOCK TABLES;

--
-- Table structure for table `job_categories`
--

DROP TABLE IF EXISTS `job_categories`;
/*!40101 SET @saved_cs_client     = @@character_set_client */;
/*!50503 SET character_set_client = utf8mb4 */;
CREATE TABLE `job_categories` (
  `id` bigint unsigned NOT NULL AUTO_INCREMENT,
  `name_kz` text CHARACTER SET utf8mb4 COLLATE utf8mb4_unicode_ci,
  `name_ru` text CHARACTER SET utf8mb4 COLLATE utf8mb4_unicode_ci,
  `name_en` text CHARACTER SET utf8mb4 COLLATE utf8mb4_unicode_ci,
  `code` varchar(255) CHARACTER SET utf8mb4 COLLATE utf8mb4_unicode_ci DEFAULT NULL,
  PRIMARY KEY (`id`)
) ENGINE=InnoDB AUTO_INCREMENT=73 DEFAULT CHARSET=utf8mb4 COLLATE=utf8mb4_unicode_ci;
/*!40101 SET character_set_client = @saved_cs_client */;

--
-- Dumping data for table `job_categories`
--

LOCK TABLES `job_categories` WRITE;
/*!40000 ALTER TABLE `job_categories` DISABLE KEYS */;
INSERT INTO `job_categories` VALUES (0,'Мемлекеттік қызметші емес','Не гос. служащий',NULL,'Мемлекеттік қызметші емес/Не гос. служащий'),(1,NULL,'Ответственные секретари центральных исполнительных органов, Руководители аппаратов Конституционного совета, Управления делами Президента Республики Казахстан, Центральной избирательной комиссии Республики Казахстан, Счетного комитета по контролю за исполнением республиканского бюджета, Агентства Республики Казахстан по делам государственной службы, Агентства по стратегическому планированию и реформам Республики Казахстан, Агентства по защите и развитию конкуренции Республики Казахстан, руководитель Департамента по обеспечению деятельности судов при Верховном Суде Республики Казахстан (аппарата Верховного Суда Республики Казахстан); Секретарь Высшего Судебного Совета Республики Казахстан – руководитель Аппарата;  Руководители аппаратов центральных исполнительных органов, в которых не введена должность ответственного секретаря, руководитель Национального центра по правам человека',NULL,NULL),(2,NULL,'Председатели комитетов центральных исполнительных органов, заместители руководителя Бюро национальной статистики Агентства по стратегическому планированию и реформам Республики Казахстан',NULL,NULL),(3,NULL,'Руководители аппаратов акимов областей, городов республиканского значения, столицы',NULL,NULL),(4,NULL,'Администрация Президента Республики Казахстан, Канцелярия Первого Президента Республики Казахстан – Елбасы, Аппарат Совета Безопасности Республики Казахстан',NULL,NULL),(5,NULL,'Заведующий сектором',NULL,'A-1'),(6,NULL,'Инспектор',NULL,'A-2'),(7,NULL,'Консультант',NULL,'A-3'),(8,NULL,'Эксперт',NULL,'A-4'),(9,NULL,'Референт',NULL,'A-5'),(10,NULL,'Аппараты палат Парламента Республики Казахстан, Канцелярия Премьер-Министра Республики Казахстан, Департамент по обеспечению деятельности судов при Верховном Суде Республики Казахстан (аппарат Верховного Суда Республики Казахстан), аппарат Конституционного Совета Республики Казахстан, Аппарат Высшего Судебного Совета Республики Казахстан, Управление делами Президента Республики Казахстан, аппарат Центральной избирательной комиссии Республики Казахстан, Счетный комитет по контролю за исполнением республиканского бюджета, Агентство Республики Казахстан по делам государственной службы, Агентство Республики Казахстан по противодействию коррупции (Антикоррупционная служба), Агентство по стратегическому планированию и реформам Республики Казахстан, Агентство по защите и развитию конкуренции Республики Казахстан',NULL,NULL),(11,NULL,'Заместители руководителя Департамента по обеспечению деятельности судов при Верховном Суде Республики Казахстан (аппарата Верховного Суда Республики Казахстан), Аппарата Высшего Судебного Совета Республики Казахстан;  Руководитель структурного подразделения',NULL,'B-1'),(12,NULL,'Заместитель руководителя структурного подразделения',NULL,'B-2'),(13,NULL,' Помощник, советник Премьер-Министра Республики, Помощник, советник Председателя Палаты Парламента Республики Казахстан, Помощник, советник Председателя Палаты Парламента Республики Казахстан, Помощник, советник Председателя Верховного Суда Республики Казахстан, Помощник, советник Председателя Конституционного Совета Республики Казахстан,  Помощник, советник Председателя Центральной избирательной комиссии Республики Казахстан,  Главный инспектор Канцелярии Премьер-Министра Республики Казахстан, Управления делами Президента Республики Казахстан, Руководитель управления (службы) Агентства Республики Казахстан по делам государственной службы, Агентства Республики Казахстан по противодействию коррупции (Антикоррупционной службы), Агентства по защите и развитию конкуренции Республики Казахстан, Пресс-секретарь Агентства по защите и развитию конкуренции Республики Казахстан',NULL,'B-3'),(14,NULL,'Помощник, советник Заместителя Премьер-Министра Республики Казахстан, Помощник, советник Руководителя Канцелярии Премьер-Министра Республики Казахстан, Помощник, советник Управляющего делами Президента Республики Казахстан, председателей Счетного комитета по контролю за исполнением республиканского бюджета, Агентства Республики Казахстан по делам государственной службы, Агентства Республики Казахстан по противодействию коррупции (Антикоррупционной службы), Агентства по защите и развитию конкуренции Республики Казахстан, Помощник заместителя Председателя Палаты Парламента Республики Казахстан, Помощник руководителя аппарата Палаты Парламента Республики Казахстан, Помощник руководителя аппарата Верховного Суда Республики Казахстан, Заведующий сектором, Главный консультант, Уполномоченный по этике',NULL,'B-4'),(15,NULL,'Главный эксперт,  Помощник депутата Парламента Республики Казахстан',NULL,'B-5'),(16,NULL,'Эксперт',NULL,'B-6'),(17,NULL,'Органы, непосредственно подчиненные и подотчетные Президенту Республики Казахстан, центральные исполнительные органы, Архив Президента Республики Казахстан, Национальный центр по правам человека, ведомства центральных исполнительных органов, загранучреждения Республики Казахстан, Бюро национальной статистики Агентства по стратегическому планированию и реформам Республики Казахстан',NULL,NULL),(18,NULL,'Заместитель председателя Комитета центрального исполнительного органа, Директор департамента, Посол по особым поручениям Министерства иностранных дел Республики Казахстан, Поверенный в делах, Заместитель постоянного представителя при международной организации, Генеральный консул, Советник-посланник загранучреждения',NULL,'C-1'),(19,NULL,'Заместитель директора департамента, Советник загранучреждения',NULL,'C-2'),(20,NULL,'Руководитель управления, Заместитель руководителя управления2, Помощник, советник первого руководителя центрального исполнительного органа, пресс-секретарь; Первый секретарь загранучреждения, Консул – руководитель консульства, Уполномоченный по этике4',NULL,'C-3'),(21,NULL,'Главный эксперт, Советник Министерства иностранных дел Республики Казахстан, Первый секретарь Министерства иностранных дел Республики Казахстан,  Второй секретарь Министерства иностранных дел Республики Казахстан и загранучреждения, Консул генерального консульства',NULL,'C-4'),(22,NULL,'Эксперт, Третий секретарь Министерства иностранных дел Республики Казахстан и загранучреждения, Вице-консул генерального консульства, Атташе Министерства иностранных дел Республики Казахстан и загранучреждения, Референт Министерства иностранных дел Республики Казахстан и загранучреждения',NULL,'C-5'),(23,NULL,'Руководитель,  Руководитель таможни',NULL,'C-O-1'),(24,NULL,'Заместитель руководителя, Заместитель руководителя таможни, Заведующий канцелярией областного и приравненного к нему суда, Заведующий секретариатом Совета по этике Агентства Республики Казахстан по делам государственной службы',NULL,'C-O-2'),(25,NULL,'Руководитель управления, Руководитель управления территориального органа Агентства Республики Казахстан по делам государственной службы, Агентства Республики Казахстан по противодействию коррупции (Антикоррупционной службы); Руководитель таможенного поста, Руководитель территориального отдела – старший судебный исполнитель',NULL,'C-O-3'),(26,NULL,'Руководитель отдела, Заместитель руководителя таможенного поста, Судебный исполнитель',NULL,'C-O-4'),(27,NULL,'Главный специалист, Главный специалист таможни, Главный специалист таможенного поста, Старший судебный пристав канцелярии областного и приравненного к нему суда',NULL,'C-O-5'),(28,NULL,'Ведущий специалист, Ведущий специалист таможни,  Ведущий специалист таможенного поста, Судебный пристав канцелярии областного и приравненного к нему суда',NULL,'C-O-6'),(29,NULL,'Руководитель районного территориального управления, Заведующий канцелярией районного и приравненного к нему суда',NULL,'C-R-1'),(30,NULL,'Заместитель руководителя районного территориального управления',NULL,'C-R-2'),(31,NULL,'Руководитель отдела районного территориального управления',NULL,'C-R-3'),(32,NULL,' Главный специалист, Старший судебный пристав канцелярии районного и приравненного к нему суда',NULL,'C-R-4'),(33,NULL,'Ведущий специалист, Судебный пристав канцелярии районного и приравненного к нему суда',NULL,'C-R-5'),(34,NULL,'Аппараты акимов областей, городов республиканского значения, столицы, аппараты маслихатов областей, городов республиканского значения, столицы, аппараты ревизионных комиссий областей, городов республиканского значения, столицы, аппараты (секретариаты) Ассамблеи народа Казахстана областей, городов республиканского значения, столицы',NULL,NULL),(35,NULL,' Руководитель аппарата маслихата, Председатель ревизионной комиссии',NULL,'D-1'),(36,NULL,'Руководитель аппарата ревизионных комиссий областей, городов республиканского значения, столицы; Заместитель руководителя аппарата акима, Заместитель руководителя аппарата маслихата, Заведующий аппаратом (секретариатом) Ассамблеи народа Казахстана, Член ревизионной комиссии, Помощник акима области, города республиканского значения и столицы по вопросам военной безопасности и обороны',NULL,'D-2'),(37,NULL,'Руководитель структурного подразделения, Помощник, советник акима области, города республиканского значения, столицы; Главный инспектор, Пресс-секретарь, Уполномоченный по этике4,',NULL,'D-3'),(38,NULL,'Главный специалист',NULL,'D-4'),(39,NULL,'Ведущий специалист',NULL,'D-5'),(40,NULL,'Руководитель',NULL,'D-O-1'),(41,NULL,'Заместитель руководителя',NULL,'D-O-2'),(42,NULL,'Руководитель отдела',NULL,'D-O-3'),(43,NULL,'Главный специалист',NULL,'D-O-4'),(44,NULL,'Ведущий специалист',NULL,'D-O-5'),(45,NULL,'Специалист',NULL,'D-O-6'),(46,NULL,'Аппараты акимов районов, районов в городе и городов областного значения, аппараты маслихатов районов',NULL,NULL),(47,NULL,'Заместители акимов районов, районов в городе и городов областного значения',NULL,'E-1'),(48,NULL,'Руководитель аппарата',NULL,'E-2'),(49,NULL,'Руководитель структурного подразделения; Помощник, советник, главный инспектор акима района',NULL,'E-3'),(50,NULL,'Главный специалист',NULL,'E-4'),(51,NULL,'Ведущий специалист',NULL,'E-5'),(52,NULL,'Акимы городов районного значения, сел, поселков, сельских округов Руководитель отдела',NULL,'E-R-1'),(53,NULL,'Заместитель руководителя отдела',NULL,'E-R-2'),(54,NULL,'Заведующий сектором',NULL,'E-R-3'),(55,NULL,'Главный специалист',NULL,'E-R-4'),(56,NULL,'Ведущий специалист',NULL,'E-R-5'),(57,NULL,'Заместитель акима',NULL,'E-G-1'),(58,NULL,'Руководитель структурного подразделения, Помощник, советник акима',NULL,'E-G-2'),(59,NULL,'Главный специалист',NULL,'E-G-3'),(60,NULL,'Ведущий специалист',NULL,'E-G-4'),(61,NULL,'Саяси мемлекеттік қызметшілер',NULL,'Саяси мемлекеттік қызметшілер'),(62,NULL,'Құқық қорғау органдарының қызметкерлері (ІІМ)',NULL,'Құқық қорғау органдарының қызметкерлері (ІІМ)'),(63,NULL,'Қорғаныс министрлігі және әскери органдардың қызмекерлері',NULL,'Қорғаныс министрлігі және әскери органдардың қызмекерлері'),(64,NULL,'Қазақстан Республикасы Төтенше жағдайлар министрлігі қызметкерлері',NULL,'Қазақстан Республикасы Төтенше жағдайлар министрлігі қызметкерлері'),(65,NULL,'Қазақстан Республикасы Орталық сайлау комиссиясы',NULL,''),(66,NULL,'Қазақстан Республикасы Қаржы министрлігінің Экономикалық тергеу қызметкерлері',NULL,'Қазақстан Республикасы Қаржы министрлігінің Экономикалық тергеу қызметкерлері'),(67,NULL,'Руководитель отдела',NULL,'D-R-1'),(68,NULL,'Заместитель руководителя отдела',NULL,'D-R-2'),(69,NULL,'Заведующий сектором',NULL,'D-R-3'),(70,NULL,'Главный специалист',NULL,'D-R-4'),(71,NULL,'Ведущий специалист',NULL,'D-R-5');
/*!40000 ALTER TABLE `job_categories` ENABLE KEYS */;
UNLOCK TABLES;

--
-- Table structure for table `job_organisations`
--

DROP TABLE IF EXISTS `job_organisations`;
/*!40101 SET @saved_cs_client     = @@character_set_client */;
/*!50503 SET character_set_client = utf8mb4 */;
CREATE TABLE `job_organisations` (
  `id` bigint unsigned NOT NULL AUTO_INCREMENT,
  `bin` varchar(12) COLLATE utf8mb4_unicode_ci NOT NULL,
  `reg_id` varchar(2) COLLATE utf8mb4_unicode_ci NOT NULL,
  `org_name` text COLLATE utf8mb4_unicode_ci NOT NULL,
  `date` timestamp NOT NULL DEFAULT CURRENT_TIMESTAMP,
  `edit` tinyint NOT NULL DEFAULT '0',
  PRIMARY KEY (`id`)
) ENGINE=InnoDB DEFAULT CHARSET=utf8mb4 COLLATE=utf8mb4_unicode_ci;
/*!40101 SET character_set_client = @saved_cs_client */;

--
-- Dumping data for table `job_organisations`
--

LOCK TABLES `job_organisations` WRITE;
/*!40000 ALTER TABLE `job_organisations` DISABLE KEYS */;
/*!40000 ALTER TABLE `job_organisations` ENABLE KEYS */;
UNLOCK TABLES;

--
-- Table structure for table `langs`
--

DROP TABLE IF EXISTS `langs`;
/*!40101 SET @saved_cs_client     = @@character_set_client */;
/*!50503 SET character_set_client = utf8mb4 */;
CREATE TABLE `langs` (
  `id` bigint unsigned NOT NULL AUTO_INCREMENT,
  `name_kz` varchar(255) COLLATE utf8mb4_unicode_ci NOT NULL,
  `name_ru` varchar(255) COLLATE utf8mb4_unicode_ci NOT NULL,
  `name_en` varchar(255) COLLATE utf8mb4_unicode_ci NOT NULL,
  `created_at` timestamp NULL DEFAULT NULL,
  `updated_at` timestamp NULL DEFAULT NULL,
  PRIMARY KEY (`id`)
) ENGINE=InnoDB AUTO_INCREMENT=4 DEFAULT CHARSET=utf8mb4 COLLATE=utf8mb4_unicode_ci;
/*!40101 SET character_set_client = @saved_cs_client */;

--
-- Dumping data for table `langs`
--

LOCK TABLES `langs` WRITE;
/*!40000 ALTER TABLE `langs` DISABLE KEYS */;
INSERT INTO `langs` VALUES (1,'Қазақша','Казахский','Kazakh',NULL,NULL),(2,'Орысша','Русский','Russian',NULL,NULL),(3,'Ағылшынша','Английский','English',NULL,NULL);
/*!40000 ALTER TABLE `langs` ENABLE KEYS */;
UNLOCK TABLES;

--
-- Table structure for table `migrations`
--

DROP TABLE IF EXISTS `migrations`;
/*!40101 SET @saved_cs_client     = @@character_set_client */;
/*!50503 SET character_set_client = utf8mb4 */;
CREATE TABLE `migrations` (
  `id` int unsigned NOT NULL AUTO_INCREMENT,
  `migration` varchar(255) COLLATE utf8mb4_unicode_ci NOT NULL,
  `batch` int NOT NULL,
  PRIMARY KEY (`id`)
) ENGINE=InnoDB AUTO_INCREMENT=53 DEFAULT CHARSET=utf8mb4 COLLATE=utf8mb4_unicode_ci;
/*!40101 SET character_set_client = @saved_cs_client */;

--
-- Dumping data for table `migrations`
--

LOCK TABLES `migrations` WRITE;
/*!40000 ALTER TABLE `migrations` DISABLE KEYS */;
INSERT INTO `migrations` VALUES (1,'2014_10_12_000000_create_users_table',1),(2,'2014_10_12_100000_create_password_resets_table',1),(3,'2019_08_19_000000_create_failed_jobs_table',1),(4,'2019_12_14_000001_create_personal_access_tokens_table',1),(5,'2023_02_08_052141_create_permissions_table',1),(6,'2023_02_12_121940_create_orders_table',1),(7,'2023_02_12_132305_create_testing_orders_table',1),(8,'2023_02_12_134222_create_testing_order_groups_table',1),(9,'2023_02_12_134514_create_testing_groups_table',1),(10,'2023_02_12_134716_create_regions_table',1),(11,'2023_02_12_134906_create_langs_table',1),(12,'2023_02_12_140823_create_active_years_table',1),(13,'2023_02_12_142716_create_order_job_details_table',1),(14,'2023_02_12_143230_create_job_categories_table',1),(15,'2023_02_12_144340_create_test_categories_table',1),(16,'2023_02_12_144731_create_tests_table',1),(17,'2023_02_13_110149_create_roles_table',1),(18,'2023_02_13_110217_create_role_users_table',1),(19,'2023_02_13_111650_create_role_user_table',1),(20,'2023_02_20_001_add_columns_to_users_table',2),(21,'2023_02_20_002_change_columns_in_users_table',3),(22,'2023_02_20_003_change_columns_in_users_table_2',4),(23,'2023_02_20_004_change_columns_in_users_table_3',5),(24,'2023_02_21_060755_create_statuses_table',6),(25,'2023_02_21_060756_create_statuses_table_2',7),(26,'2023_02_21_060758_create_statuses_table_4',8),(27,'2023_02_21_060759_create_statuses_table_5',9),(28,'2023_02_21_064308_create_user_details_table',10),(29,'2023_02_21_001_add_column_to_user_details_table',11),(30,'2023_02_21_001_add_column_to_user_details_table_2',12),(31,'2023_02_22_034206_create_testing_order_experiences_table',13),(32,'2023_02_22_040010_add_column_to_testing_order_experiences_table',14),(33,'2023_02_22_050954_create_testing_order_docs_table',15),(34,'2023_02_22_051459_create_testing_order_certs_table',15),(35,'2023_02_22_090154_add_column_to_testing_order_docs_table',16),(36,'2023_02_22_101318_add_column_to_testing_order_docs_table_2',17),(37,'2023_02_22_112940_create_testing_order_steps_table',18),(38,'2023_02_23_033453_add_column_to_testing_order_steps_table',19),(39,'2023_02_23_071400_add_payment_type_column_to_testing_orders_table',20),(40,'2023_02_23_094721_add_foreign_key_in_user_details_table',21),(41,'2023_02_23_095714_add_foreign_key_in_testing_orders_table',22),(42,'2023_02_23_121128_create_user_signs_table',23),(43,'2023_02_24_114251_add_column_to_testing_order_docs_table_4',24),(44,'2023_02_26_050256_add_ready_order_columun_to_testing_order_docs_table',25),(45,'2023_02_27_111242_add_new_foreign_keys_in_testing_orders_table',26),(46,'2023_02_28_100828_add_new_foreign_keys_in_testing_orders_table_2',27),(47,'2023_02_28_161646_add_new_foreign_keys_in_tests_table',28),(48,'2023_03_07_103618_create_testing_group_orders_table',29),(49,'2023_03_07_103618_create_testing_group_orders_table_2',30),(50,'2023_03_09_103356_add_column_to_job_categories_table',31),(51,'2023_03_07_103618_create_testing_group_orders_table_3',32),(52,'2023_03_09_123732_create_job_organisations_table',32);
/*!40000 ALTER TABLE `migrations` ENABLE KEYS */;
UNLOCK TABLES;

--
-- Table structure for table `order_job_details`
--

DROP TABLE IF EXISTS `order_job_details`;
/*!40101 SET @saved_cs_client     = @@character_set_client */;
/*!50503 SET character_set_client = utf8mb4 */;
CREATE TABLE `order_job_details` (
  `order_id` bigint NOT NULL,
  `org_id` bigint NOT NULL,
  `bin` varchar(50) COLLATE utf8mb4_unicode_ci NOT NULL,
  `job_role` varchar(255) COLLATE utf8mb4_unicode_ci NOT NULL,
  `job_category_id` int NOT NULL,
  `public_service_experience` varchar(10) COLLATE utf8mb4_unicode_ci NOT NULL,
  `created_at` timestamp NULL DEFAULT NULL,
  `updated_at` timestamp NULL DEFAULT NULL
) ENGINE=InnoDB DEFAULT CHARSET=utf8mb4 COLLATE=utf8mb4_unicode_ci;
/*!40101 SET character_set_client = @saved_cs_client */;

--
-- Dumping data for table `order_job_details`
--

LOCK TABLES `order_job_details` WRITE;
/*!40000 ALTER TABLE `order_job_details` DISABLE KEYS */;
/*!40000 ALTER TABLE `order_job_details` ENABLE KEYS */;
UNLOCK TABLES;

--
-- Table structure for table `orders`
--

DROP TABLE IF EXISTS `orders`;
/*!40101 SET @saved_cs_client     = @@character_set_client */;
/*!50503 SET character_set_client = utf8mb4 */;
CREATE TABLE `orders` (
  `id` bigint unsigned NOT NULL AUTO_INCREMENT,
  `gen` int NOT NULL,
  `reg_id` int NOT NULL,
  `surname` varchar(50) COLLATE utf8mb4_unicode_ci NOT NULL,
  `name` varchar(50) COLLATE utf8mb4_unicode_ci NOT NULL,
  `middlename` varchar(50) COLLATE utf8mb4_unicode_ci NOT NULL,
  `gender` varchar(30) CHARACTER SET utf8mb4 COLLATE utf8mb4_unicode_ci DEFAULT NULL,
  `iin` varchar(12) COLLATE utf8mb4_unicode_ci NOT NULL,
  `vaccine` varchar(50) COLLATE utf8mb4_unicode_ci NOT NULL,
  `birth_date` date NOT NULL,
  `course_type_id` int NOT NULL,
  `course_id` int NOT NULL,
  `lang_id` varchar(2) COLLATE utf8mb4_unicode_ci NOT NULL,
  `study_start_date` date NOT NULL,
  `study_end_date` date NOT NULL,
  `student_tel_self` varchar(15) COLLATE utf8mb4_unicode_ci NOT NULL,
  `student_tel_job` varchar(15) COLLATE utf8mb4_unicode_ci NOT NULL,
  `student_email` varchar(255) COLLATE utf8mb4_unicode_ci NOT NULL,
  `student_boss_tel_self` varchar(15) COLLATE utf8mb4_unicode_ci NOT NULL,
  `student_boss_tel_job` varchar(15) COLLATE utf8mb4_unicode_ci NOT NULL,
  `student_boss_email` varchar(255) COLLATE utf8mb4_unicode_ci NOT NULL,
  `student_boss_full_name` varchar(100) COLLATE utf8mb4_unicode_ci NOT NULL,
  `kadr_tel` varchar(15) COLLATE utf8mb4_unicode_ci NOT NULL,
  `kard_email` varchar(255) COLLATE utf8mb4_unicode_ci NOT NULL,
  `kard_full_name` varchar(100) COLLATE utf8mb4_unicode_ci NOT NULL,
  `org_who_sent` varchar(50) COLLATE utf8mb4_unicode_ci NOT NULL,
  `user_id` bigint unsigned NOT NULL,
  `reason` longtext COLLATE utf8mb4_unicode_ci NOT NULL,
  `status_id` int NOT NULL,
  `active_year_id` int NOT NULL,
  `created_at` timestamp NULL DEFAULT NULL,
  `updated_at` timestamp NULL DEFAULT NULL,
  PRIMARY KEY (`id`)
) ENGINE=InnoDB AUTO_INCREMENT=4 DEFAULT CHARSET=utf8mb4 COLLATE=utf8mb4_unicode_ci;
/*!40101 SET character_set_client = @saved_cs_client */;

--
-- Dumping data for table `orders`
--

LOCK TABLES `orders` WRITE;
/*!40000 ALTER TABLE `orders` DISABLE KEYS */;
INSERT INTO `orders` VALUES (1,1,1,'Кулынчаков','Канат','Сабитович','муж','880616401762','нет','1988-06-16',1,1,'1','2022-02-20','2025-02-20','87029349014','87029349014','kana_002@bk.ru','87029349014','87029349014','kana_002@bk.ru','Касымбеков','kana_002@bk.ru','87029349014','Кайратович','',32,'ввввввввввввввввввввввввввв',1,1,NULL,NULL),(2,1,2,'ddddddddd','aaaaaaaaaaa','sssssssssssss','муж','880616401762','нет','1988-06-16',1,1,'1','2022-02-20','2025-02-20','87029349014','87029349014','kana_002@bk.ru','87029349014','87029349014','kana_002@bk.ru','Касымбеков','kana_002@bk.ru','87029349014','Кайратович','',1,'gggggggggggg',1,1,NULL,NULL),(3,1,5,'Арманов','Магжан','Сабитович','муж','880616401762','нет','1988-06-16',1,1,'1','2022-02-20','2025-02-20','87029349014','87029349014','kana_002@bk.ru','87029349014','87029349014','kana_002@bk.ru','Касымбеков','kana_002@bk.ru','87029349014','Кайратович','',1,'ввввввввввввввввввввввввввв',1,1,NULL,NULL);
/*!40000 ALTER TABLE `orders` ENABLE KEYS */;
UNLOCK TABLES;

--
-- Table structure for table `password_resets`
--

DROP TABLE IF EXISTS `password_resets`;
/*!40101 SET @saved_cs_client     = @@character_set_client */;
/*!50503 SET character_set_client = utf8mb4 */;
CREATE TABLE `password_resets` (
  `email` varchar(255) COLLATE utf8mb4_unicode_ci NOT NULL,
  `token` varchar(255) COLLATE utf8mb4_unicode_ci NOT NULL,
  `created_at` timestamp NULL DEFAULT NULL,
  KEY `password_resets_email_index` (`email`)
) ENGINE=InnoDB DEFAULT CHARSET=utf8mb4 COLLATE=utf8mb4_unicode_ci;
/*!40101 SET character_set_client = @saved_cs_client */;

--
-- Dumping data for table `password_resets`
--

LOCK TABLES `password_resets` WRITE;
/*!40000 ALTER TABLE `password_resets` DISABLE KEYS */;
/*!40000 ALTER TABLE `password_resets` ENABLE KEYS */;
UNLOCK TABLES;

--
-- Table structure for table `permissions`
--

DROP TABLE IF EXISTS `permissions`;
/*!40101 SET @saved_cs_client     = @@character_set_client */;
/*!50503 SET character_set_client = utf8mb4 */;
CREATE TABLE `permissions` (
  `id` int unsigned NOT NULL AUTO_INCREMENT,
  `title` varchar(255) COLLATE utf8mb4_unicode_ci DEFAULT NULL,
  `created_at` timestamp NULL DEFAULT NULL,
  `updated_at` timestamp NULL DEFAULT NULL,
  `deleted_at` timestamp NULL DEFAULT NULL,
  PRIMARY KEY (`id`)
) ENGINE=InnoDB DEFAULT CHARSET=utf8mb4 COLLATE=utf8mb4_unicode_ci;
/*!40101 SET character_set_client = @saved_cs_client */;

--
-- Dumping data for table `permissions`
--

LOCK TABLES `permissions` WRITE;
/*!40000 ALTER TABLE `permissions` DISABLE KEYS */;
/*!40000 ALTER TABLE `permissions` ENABLE KEYS */;
UNLOCK TABLES;

--
-- Table structure for table `personal_access_tokens`
--

DROP TABLE IF EXISTS `personal_access_tokens`;
/*!40101 SET @saved_cs_client     = @@character_set_client */;
/*!50503 SET character_set_client = utf8mb4 */;
CREATE TABLE `personal_access_tokens` (
  `id` bigint unsigned NOT NULL AUTO_INCREMENT,
  `tokenable_type` varchar(255) COLLATE utf8mb4_unicode_ci NOT NULL,
  `tokenable_id` bigint unsigned NOT NULL,
  `name` varchar(255) COLLATE utf8mb4_unicode_ci NOT NULL,
  `token` varchar(64) COLLATE utf8mb4_unicode_ci NOT NULL,
  `abilities` text COLLATE utf8mb4_unicode_ci,
  `last_used_at` timestamp NULL DEFAULT NULL,
  `created_at` timestamp NULL DEFAULT NULL,
  `updated_at` timestamp NULL DEFAULT NULL,
  PRIMARY KEY (`id`),
  UNIQUE KEY `personal_access_tokens_token_unique` (`token`),
  KEY `personal_access_tokens_tokenable_type_tokenable_id_index` (`tokenable_type`,`tokenable_id`)
) ENGINE=InnoDB DEFAULT CHARSET=utf8mb4 COLLATE=utf8mb4_unicode_ci;
/*!40101 SET character_set_client = @saved_cs_client */;

--
-- Dumping data for table `personal_access_tokens`
--

LOCK TABLES `personal_access_tokens` WRITE;
/*!40000 ALTER TABLE `personal_access_tokens` DISABLE KEYS */;
/*!40000 ALTER TABLE `personal_access_tokens` ENABLE KEYS */;
UNLOCK TABLES;

--
-- Table structure for table `regions`
--

DROP TABLE IF EXISTS `regions`;
/*!40101 SET @saved_cs_client     = @@character_set_client */;
/*!50503 SET character_set_client = utf8mb4 */;
CREATE TABLE `regions` (
  `id` bigint unsigned NOT NULL AUTO_INCREMENT,
  `name_kz` varchar(255) COLLATE utf8mb4_unicode_ci NOT NULL,
  `name_ru` varchar(255) COLLATE utf8mb4_unicode_ci NOT NULL,
  `name_en` varchar(255) COLLATE utf8mb4_unicode_ci NOT NULL,
  `created_at` timestamp NULL DEFAULT NULL,
  `updated_at` timestamp NULL DEFAULT NULL,
  PRIMARY KEY (`id`)
) ENGINE=InnoDB AUTO_INCREMENT=41 DEFAULT CHARSET=utf8mb4 COLLATE=utf8mb4_unicode_ci;
/*!40101 SET character_set_client = @saved_cs_client */;

--
-- Dumping data for table `regions`
--

LOCK TABLES `regions` WRITE;
/*!40000 ALTER TABLE `regions` DISABLE KEYS */;
INSERT INTO `regions` VALUES (1,'Астана қ-сы','г. Астана','Astana city',NULL,NULL),(2,'Алматы','Алматы','Almaty',NULL,NULL),(3,'Шымкент','Шымкент','Shymkent',NULL,NULL),(4,'Ақмола облысы','Акмолинская область','Akmola region',NULL,NULL),(5,'Ақтөбе облысы','Актюбинская область','Aktobe region',NULL,NULL),(6,'Алматы облысы','Алматинская область','Almaty region',NULL,NULL),(7,'Атырау облысы','Атырауская область','Atyrau region',NULL,NULL),(8,'Шығыс Қазақстан облысы','Восточно-Казахстанская область','South Kazakhstan region',NULL,NULL),(9,'Жамбыл облысы','Жамбылская область','Zhambyl region',NULL,NULL),(10,'Батыс Қазақстан облысы','Западно-Казахстанская область','West Kazakhstan region',NULL,NULL),(11,'Қарағанды облысы','Карагандинская область','Karagandy region',NULL,NULL),(12,'Қостанай облысы','Костанайская область','Kostanay region',NULL,NULL),(13,'Қызылорда облысы','Кызылординская область','Kyzylorda region',NULL,NULL),(14,'Маңғыстау облысы','Мангыстауская область','Mangystau region',NULL,NULL),(15,'Павлодар облысы','Павлодарская область','Pavlodar region',NULL,NULL),(16,'Солтүстік Қазақстан облысы','Северо-Казахстанская область','North Kazakhstan region',NULL,NULL),(17,'Түркістан облысы','Туркестанская область','Turkistan region',NULL,NULL),(18,'Абай облысы','Абайская область','Abay region',NULL,NULL),(19,'Жетісу облысы','Жетысуская область','Zhetisu region',NULL,NULL),(40,'Ұлытау облысы','Улытауская область','Ulytau region',NULL,NULL);
/*!40000 ALTER TABLE `regions` ENABLE KEYS */;
UNLOCK TABLES;

--
-- Table structure for table `role_user`
--

DROP TABLE IF EXISTS `role_user`;
/*!40101 SET @saved_cs_client     = @@character_set_client */;
/*!50503 SET character_set_client = utf8mb4 */;
CREATE TABLE `role_user` (
  `user_id` bigint unsigned NOT NULL,
  `role_id` int unsigned NOT NULL,
  KEY `role_user_user_id_foreign` (`user_id`),
  KEY `role_user_role_id_foreign` (`role_id`),
  CONSTRAINT `role_user_role_id_foreign` FOREIGN KEY (`role_id`) REFERENCES `roles` (`id`),
  CONSTRAINT `role_user_user_id_foreign` FOREIGN KEY (`user_id`) REFERENCES `users` (`id`)
) ENGINE=InnoDB DEFAULT CHARSET=utf8mb4 COLLATE=utf8mb4_unicode_ci;
/*!40101 SET character_set_client = @saved_cs_client */;

--
-- Dumping data for table `role_user`
--

LOCK TABLES `role_user` WRITE;
/*!40000 ALTER TABLE `role_user` DISABLE KEYS */;
/*!40000 ALTER TABLE `role_user` ENABLE KEYS */;
UNLOCK TABLES;

--
-- Table structure for table `role_users`
--

DROP TABLE IF EXISTS `role_users`;
/*!40101 SET @saved_cs_client     = @@character_set_client */;
/*!50503 SET character_set_client = utf8mb4 */;
CREATE TABLE `role_users` (
  `user_id` bigint unsigned NOT NULL,
  `role_id` int unsigned NOT NULL,
  KEY `role_users_user_id_foreign` (`user_id`),
  KEY `role_users_role_id_foreign` (`role_id`),
  CONSTRAINT `role_users_role_id_foreign` FOREIGN KEY (`role_id`) REFERENCES `roles` (`id`),
  CONSTRAINT `role_users_user_id_foreign` FOREIGN KEY (`user_id`) REFERENCES `users` (`id`)
) ENGINE=InnoDB DEFAULT CHARSET=utf8mb4 COLLATE=utf8mb4_unicode_ci;
/*!40101 SET character_set_client = @saved_cs_client */;

--
-- Dumping data for table `role_users`
--

LOCK TABLES `role_users` WRITE;
/*!40000 ALTER TABLE `role_users` DISABLE KEYS */;
INSERT INTO `role_users` VALUES (31,3),(32,7),(33,8),(34,8),(35,3),(50,2),(51,3),(52,8),(53,2),(55,7),(46,8),(44,8),(44,8),(77,8),(78,8),(79,8),(80,8),(81,3);
/*!40000 ALTER TABLE `role_users` ENABLE KEYS */;
UNLOCK TABLES;

--
-- Table structure for table `roles`
--

DROP TABLE IF EXISTS `roles`;
/*!40101 SET @saved_cs_client     = @@character_set_client */;
/*!50503 SET character_set_client = utf8mb4 */;
CREATE TABLE `roles` (
  `id` int unsigned NOT NULL AUTO_INCREMENT,
  `title` varchar(255) COLLATE utf8mb4_unicode_ci DEFAULT NULL,
  PRIMARY KEY (`id`)
) ENGINE=InnoDB AUTO_INCREMENT=9 DEFAULT CHARSET=utf8mb4 COLLATE=utf8mb4_unicode_ci;
/*!40101 SET character_set_client = @saved_cs_client */;

--
-- Dumping data for table `roles`
--

LOCK TABLES `roles` WRITE;
/*!40000 ALTER TABLE `roles` DISABLE KEYS */;
INSERT INTO `roles` VALUES (1,'superadmin'),(2,'admin'),(3,'gov'),(4,'fiz'),(5,'kvz'),(6,'tik'),(7,'testing'),(8,'testing_admin');
/*!40000 ALTER TABLE `roles` ENABLE KEYS */;
UNLOCK TABLES;

--
-- Table structure for table `statuses`
--

DROP TABLE IF EXISTS `statuses`;
/*!40101 SET @saved_cs_client     = @@character_set_client */;
/*!50503 SET character_set_client = utf8mb4 */;
CREATE TABLE `statuses` (
  `id` int unsigned NOT NULL AUTO_INCREMENT,
  `name_ru` varchar(255) COLLATE utf8mb4_unicode_ci DEFAULT NULL,
  `name_kz` varchar(255) COLLATE utf8mb4_unicode_ci DEFAULT NULL,
  `name_en` varchar(255) COLLATE utf8mb4_unicode_ci DEFAULT NULL,
  PRIMARY KEY (`id`)
) ENGINE=InnoDB AUTO_INCREMENT=13 DEFAULT CHARSET=utf8mb4 COLLATE=utf8mb4_unicode_ci;
/*!40101 SET character_set_client = @saved_cs_client */;

--
-- Dumping data for table `statuses`
--

LOCK TABLES `statuses` WRITE;
/*!40000 ALTER TABLE `statuses` DISABLE KEYS */;
INSERT INTO `statuses` VALUES (0,'В обработке','Өңделуде','In progress'),(1,'Принят','Қабылданды','Accepted'),(2,'Отказано','Жіберілмеді','Not accepted'),(3,'Отправлен на курс','Курсқа жіберілді','Sent to the course'),(4,'Получил сертификат','Сертификат алды','Got certificate'),(5,'Запрос на отзыв','Кері қайтаруға сұралды','Request for feedback'),(6,'Отозван','Кері қайтарылды','Withdrawn'),(7,'Изменен','Өңделді','Modified'),(8,'Отчислен','Оқудан шығарылды','Expelled'),(9,'Удален','Өшірілді','Removed'),(10,'Отправлен юристу','Юристке жіберілді','Sent to lawyer'),(12,'Подписано','Қол қойылды','Signed');
/*!40000 ALTER TABLE `statuses` ENABLE KEYS */;
UNLOCK TABLES;

--
-- Table structure for table `test_categories`
--

DROP TABLE IF EXISTS `test_categories`;
/*!40101 SET @saved_cs_client     = @@character_set_client */;
/*!50503 SET character_set_client = utf8mb4 */;
CREATE TABLE `test_categories` (
  `id` bigint unsigned NOT NULL AUTO_INCREMENT,
  `name_kz` varchar(255) COLLATE utf8mb4_unicode_ci NOT NULL,
  `name_ru` varchar(255) COLLATE utf8mb4_unicode_ci NOT NULL,
  `name_en` varchar(255) COLLATE utf8mb4_unicode_ci NOT NULL,
  `created_at` timestamp NULL DEFAULT NULL,
  `updated_at` timestamp NULL DEFAULT NULL,
  PRIMARY KEY (`id`)
) ENGINE=InnoDB AUTO_INCREMENT=5 DEFAULT CHARSET=utf8mb4 COLLATE=utf8mb4_unicode_ci;
/*!40101 SET character_set_client = @saved_cs_client */;

--
-- Dumping data for table `test_categories`
--

LOCK TABLES `test_categories` WRITE;
/*!40000 ALTER TABLE `test_categories` DISABLE KEYS */;
INSERT INTO `test_categories` VALUES (1,'-','Руководитель проекта','-',NULL,NULL),(2,'-','Руководитель программы','-',NULL,NULL),(3,'-','Руководитель портфелем','-',NULL,NULL),(4,'-','Тренер-консультант','-',NULL,NULL);
/*!40000 ALTER TABLE `test_categories` ENABLE KEYS */;
UNLOCK TABLES;

--
-- Table structure for table `testing_group_orders`
--

DROP TABLE IF EXISTS `testing_group_orders`;
/*!40101 SET @saved_cs_client     = @@character_set_client */;
/*!50503 SET character_set_client = utf8mb4 */;
CREATE TABLE `testing_group_orders` (
  `id` bigint unsigned NOT NULL AUTO_INCREMENT,
  `group_id` bigint unsigned NOT NULL,
  `testing_order_id` bigint unsigned NOT NULL,
  PRIMARY KEY (`id`),
  KEY `testing_group_orders_group_id_index` (`group_id`),
  KEY `testing_group_orders_testing_order_id_index` (`testing_order_id`),
  CONSTRAINT `testing_group_orders_group_id_foreign` FOREIGN KEY (`group_id`) REFERENCES `testing_groups` (`id`) ON DELETE CASCADE,
  CONSTRAINT `testing_group_orders_testing_order_id_foreign` FOREIGN KEY (`testing_order_id`) REFERENCES `testing_orders` (`id`) ON DELETE CASCADE
) ENGINE=InnoDB AUTO_INCREMENT=20 DEFAULT CHARSET=utf8mb4 COLLATE=utf8mb4_unicode_ci;
/*!40101 SET character_set_client = @saved_cs_client */;

--
-- Dumping data for table `testing_group_orders`
--

LOCK TABLES `testing_group_orders` WRITE;
/*!40000 ALTER TABLE `testing_group_orders` DISABLE KEYS */;
INSERT INTO `testing_group_orders` VALUES (16,5,19),(17,5,21),(18,5,22),(19,5,23);
/*!40000 ALTER TABLE `testing_group_orders` ENABLE KEYS */;
UNLOCK TABLES;

--
-- Table structure for table `testing_groups`
--

DROP TABLE IF EXISTS `testing_groups`;
/*!40101 SET @saved_cs_client     = @@character_set_client */;
/*!50503 SET character_set_client = utf8mb4 */;
CREATE TABLE `testing_groups` (
  `id` bigint unsigned NOT NULL AUTO_INCREMENT,
  `group_name` varchar(100) COLLATE utf8mb4_unicode_ci NOT NULL,
  `test_id` int NOT NULL,
  `reg_id` int NOT NULL,
  `created_at` timestamp NULL DEFAULT NULL,
  `updated_at` timestamp NULL DEFAULT NULL,
  PRIMARY KEY (`id`)
) ENGINE=InnoDB AUTO_INCREMENT=6 DEFAULT CHARSET=utf8mb4 COLLATE=utf8mb4_unicode_ci;
/*!40101 SET character_set_client = @saved_cs_client */;

--
-- Dumping data for table `testing_groups`
--

LOCK TABLES `testing_groups` WRITE;
/*!40000 ALTER TABLE `testing_groups` DISABLE KEYS */;
INSERT INTO `testing_groups` VALUES (5,'моя группа 5',4,1,'2023-03-07 09:05:23','2023-03-07 09:05:23');
/*!40000 ALTER TABLE `testing_groups` ENABLE KEYS */;
UNLOCK TABLES;

--
-- Table structure for table `testing_order_certs`
--

DROP TABLE IF EXISTS `testing_order_certs`;
/*!40101 SET @saved_cs_client     = @@character_set_client */;
/*!50503 SET character_set_client = utf8mb4 */;
CREATE TABLE `testing_order_certs` (
  `id` bigint unsigned NOT NULL AUTO_INCREMENT,
  `user_id` bigint NOT NULL,
  `testing_order_id` bigint NOT NULL,
  `certificate` varchar(255) COLLATE utf8mb4_unicode_ci DEFAULT NULL,
  `created_at` timestamp NULL DEFAULT NULL,
  `updated_at` timestamp NULL DEFAULT NULL,
  PRIMARY KEY (`id`)
) ENGINE=InnoDB AUTO_INCREMENT=21 DEFAULT CHARSET=utf8mb4 COLLATE=utf8mb4_unicode_ci;
/*!40101 SET character_set_client = @saved_cs_client */;

--
-- Dumping data for table `testing_order_certs`
--

LOCK TABLES `testing_order_certs` WRITE;
/*!40000 ALTER TABLE `testing_order_certs` DISABLE KEYS */;
INSERT INTO `testing_order_certs` VALUES (3,32,13,'public/testing/certs/32/11/cert1.docx','2023-02-23 03:22:05','2023-02-23 03:22:05'),(4,32,12,'public/testing/certs/32/10/cert1.docx','2023-02-24 04:05:43','2023-02-24 04:05:43'),(13,32,15,'public/testing/certs/32/13/cert1111.docx','2023-02-24 06:02:39','2023-02-24 06:02:39'),(14,32,15,'public/testing/certs/32/13/cert2222.docx','2023-02-24 06:02:39','2023-02-24 06:02:39'),(15,32,19,'public/testing/certs/32/17/cert1111.docx','2023-02-27 05:58:59','2023-02-27 05:58:59'),(16,32,19,'public/testing/certs/32/17/cert2222.docx','2023-02-27 05:58:59','2023-02-27 05:58:59'),(17,32,21,'public/testing/certs/32/18/cert1111.docx','2023-02-28 03:42:55','2023-02-28 03:42:55'),(18,32,21,'public/testing/certs/32/18/cert2222.docx','2023-02-28 03:42:55','2023-02-28 03:42:55'),(19,56,23,'public/testing/certs/56/20/cert1111.docx','2023-02-28 10:38:46','2023-02-28 10:38:46'),(20,56,23,'public/testing/certs/56/20/cert2222.docx','2023-02-28 10:38:46','2023-02-28 10:38:46');
/*!40000 ALTER TABLE `testing_order_certs` ENABLE KEYS */;
UNLOCK TABLES;

--
-- Table structure for table `testing_order_docs`
--

DROP TABLE IF EXISTS `testing_order_docs`;
/*!40101 SET @saved_cs_client     = @@character_set_client */;
/*!50503 SET character_set_client = utf8mb4 */;
CREATE TABLE `testing_order_docs` (
  `id` bigint unsigned NOT NULL AUTO_INCREMENT,
  `user_id` bigint NOT NULL,
  `testing_order_id` bigint NOT NULL,
  `udost` varchar(255) COLLATE utf8mb4_unicode_ci DEFAULT NULL,
  `education` varchar(255) COLLATE utf8mb4_unicode_ci DEFAULT NULL,
  `exp_spravka` varchar(255) CHARACTER SET utf8mb4 COLLATE utf8mb4_unicode_ci DEFAULT NULL,
  `exp_spravka_signed` varchar(255) CHARACTER SET utf8mb4 COLLATE utf8mb4_unicode_ci DEFAULT NULL,
  `payment_receipt` varchar(255) CHARACTER SET utf8mb4 COLLATE utf8mb4_unicode_ci DEFAULT NULL,
  `ready_order` varchar(255) CHARACTER SET utf8mb4 COLLATE utf8mb4_unicode_ci DEFAULT NULL,
  `created_at` timestamp NULL DEFAULT NULL,
  `updated_at` timestamp NULL DEFAULT NULL,
  PRIMARY KEY (`id`)
) ENGINE=InnoDB AUTO_INCREMENT=54 DEFAULT CHARSET=utf8mb4 COLLATE=utf8mb4_unicode_ci;
/*!40101 SET character_set_client = @saved_cs_client */;

--
-- Dumping data for table `testing_order_docs`
--

LOCK TABLES `testing_order_docs` WRITE;
/*!40000 ALTER TABLE `testing_order_docs` DISABLE KEYS */;
INSERT INTO `testing_order_docs` VALUES (18,32,18,NULL,NULL,'public/testing/exp_spravki/32/16/Катерина_Иванова_spravka.pdf',NULL,NULL,NULL,'2023-02-24 06:18:39','2023-02-27 09:24:19'),(19,32,19,'public/testing/udost/32/17/udost4.docx','public/testing/education/32/17/edu4.docx','public/testing/exp_spravki/32/17/Катерина_Иванова_spravka.pdf','public/testing/exp_spravki_signed/32/17/подписанная справка моя4.docx',NULL,NULL,'2023-02-24 06:22:00','2023-02-27 05:58:59'),(20,32,19,'public/testing/udost/32/17/udost4.docx','public/testing/education/32/17/edu4.docx',NULL,'public/testing/exp_spravki_signed/32/17/подписанная справка моя4.docx',NULL,NULL,'2023-02-25 23:04:19','2023-02-27 05:58:59'),(21,32,19,'public/testing/udost/32/17/udost4.docx','public/testing/education/32/17/edu4.docx',NULL,'public/testing/exp_spravki_signed/32/17/подписанная справка моя4.docx',NULL,NULL,'2023-02-26 21:05:03','2023-02-27 05:58:59'),(22,32,19,'public/testing/udost/32/17/udost4.docx','public/testing/education/32/17/edu4.docx',NULL,'public/testing/exp_spravki_signed/32/17/подписанная справка моя4.docx',NULL,NULL,'2023-02-26 22:50:12','2023-02-27 05:58:59'),(23,32,19,'public/testing/udost/32/17/udost4.docx','public/testing/education/32/17/edu4.docx',NULL,'public/testing/exp_spravki_signed/32/17/подписанная справка моя4.docx',NULL,NULL,'2023-02-26 22:55:07','2023-02-27 05:58:59'),(24,32,19,'public/testing/udost/32/17/udost4.docx','public/testing/education/32/17/edu4.docx',NULL,'public/testing/exp_spravki_signed/32/17/подписанная справка моя4.docx',NULL,NULL,'2023-02-26 22:56:43','2023-02-27 05:58:59'),(25,32,19,'public/testing/udost/32/17/udost4.docx','public/testing/education/32/17/edu4.docx',NULL,'public/testing/exp_spravki_signed/32/17/подписанная справка моя4.docx',NULL,NULL,'2023-02-27 05:03:47','2023-02-27 05:58:59'),(26,32,19,'public/testing/udost/32/17/udost4.docx','public/testing/education/32/17/edu4.docx',NULL,'public/testing/exp_spravki_signed/32/17/подписанная справка моя4.docx',NULL,NULL,'2023-02-27 05:06:15','2023-02-27 05:58:59'),(27,32,19,'public/testing/udost/32/17/udost4.docx','public/testing/education/32/17/edu4.docx',NULL,'public/testing/exp_spravki_signed/32/17/подписанная справка моя4.docx',NULL,NULL,'2023-02-27 05:08:34','2023-02-27 05:58:59'),(28,32,12,NULL,NULL,NULL,NULL,NULL,NULL,'2023-02-27 05:32:29','2023-02-27 05:32:29'),(29,32,19,'public/testing/udost/32/17/udost4.docx','public/testing/education/32/17/edu4.docx',NULL,'public/testing/exp_spravki_signed/32/17/подписанная справка моя4.docx',NULL,'public/testing/orders/32/17_order.pdf','2023-02-27 05:55:31','2023-02-27 05:58:59'),(30,32,12,NULL,NULL,NULL,NULL,NULL,'public/testing/orders/32/10_order.pdf','2023-02-27 09:42:21','2023-02-27 09:42:21'),(33,32,21,'public/testing/udost/32/18/udost4.docx','public/testing/education/32/18/edu4.docx',NULL,NULL,NULL,NULL,'2023-02-28 03:42:55','2023-02-28 03:42:55'),(34,32,21,NULL,NULL,NULL,NULL,'public/testing/payment_receipt/32/18/receipt.docx',NULL,'2023-02-28 03:42:55','2023-02-28 03:42:55'),(35,32,21,NULL,NULL,NULL,NULL,NULL,'public/testing/orders/32/18_order.pdf','2023-02-28 03:43:29','2023-02-28 03:43:29'),(37,56,23,'public/testing/udost/56/20/udost4.docx','public/testing/education/56/20/edu4.docx',NULL,NULL,NULL,NULL,'2023-02-28 10:38:46','2023-02-28 10:38:46'),(38,56,23,NULL,NULL,NULL,NULL,'public/testing/payment_receipt/56/20/receipt.docx',NULL,'2023-02-28 10:38:46','2023-02-28 10:38:46'),(39,56,23,NULL,NULL,NULL,NULL,NULL,'public/testing/orders/56/20_order.pdf','2023-02-28 10:38:49','2023-02-28 10:38:49'),(40,34,17,NULL,NULL,NULL,NULL,NULL,'public/testing/orders/34/15_order.pdf','2023-03-06 06:24:22','2023-03-06 06:24:22'),(41,34,16,NULL,NULL,NULL,NULL,NULL,'public/testing/orders/34/14_order.pdf','2023-03-06 06:28:10','2023-03-06 06:28:10'),(42,34,14,NULL,NULL,NULL,NULL,NULL,'public/testing/orders/34/12_order.pdf','2023-03-06 06:28:43','2023-03-06 06:28:43'),(43,34,21,NULL,NULL,NULL,NULL,NULL,'public/testing/orders/34/18_order.pdf','2023-03-06 06:44:51','2023-03-06 06:44:51'),(45,34,19,NULL,NULL,NULL,NULL,NULL,'public/testing/orders/34/17_order.pdf','2023-03-06 09:57:45','2023-03-06 09:57:45'),(46,80,22,NULL,NULL,NULL,NULL,NULL,'public/testing/orders/80/19_order.pdf','2023-03-07 02:58:29','2023-03-07 02:58:29'),(47,33,14,NULL,NULL,NULL,NULL,NULL,'public/testing/orders/33/12_order.pdf','2023-03-07 05:19:35','2023-03-07 05:19:35'),(48,33,21,NULL,NULL,NULL,NULL,NULL,'public/testing/orders/33/18_order.pdf','2023-03-07 05:19:43','2023-03-07 05:19:43'),(49,33,22,NULL,NULL,NULL,NULL,NULL,'public/testing/orders/33/19_order.pdf','2023-03-07 05:19:52','2023-03-07 05:19:52'),(50,33,19,NULL,NULL,NULL,NULL,NULL,'public/testing/orders/33/17_order.pdf','2023-03-07 06:06:11','2023-03-07 06:06:11'),(51,33,18,NULL,NULL,NULL,NULL,NULL,'public/testing/orders/33/16_order.pdf','2023-03-07 06:06:17','2023-03-07 06:06:17'),(52,33,17,NULL,NULL,NULL,NULL,NULL,'public/testing/orders/33/15_order.pdf','2023-03-07 09:42:37','2023-03-07 09:42:37'),(53,33,16,NULL,NULL,NULL,NULL,NULL,'public/testing/orders/33/14_order.pdf','2023-03-07 09:42:41','2023-03-07 09:42:41');
/*!40000 ALTER TABLE `testing_order_docs` ENABLE KEYS */;
UNLOCK TABLES;

--
-- Table structure for table `testing_order_experiences`
--

DROP TABLE IF EXISTS `testing_order_experiences`;
/*!40101 SET @saved_cs_client     = @@character_set_client */;
/*!50503 SET character_set_client = utf8mb4 */;
CREATE TABLE `testing_order_experiences` (
  `id` bigint unsigned NOT NULL AUTO_INCREMENT,
  `user_id` bigint NOT NULL,
  `testing_order_id` bigint NOT NULL,
  `date_start` varchar(255) COLLATE utf8mb4_unicode_ci DEFAULT NULL,
  `date_end` varchar(255) COLLATE utf8mb4_unicode_ci DEFAULT NULL,
  `org_name` varchar(255) COLLATE utf8mb4_unicode_ci DEFAULT NULL,
  `project_name` varchar(255) COLLATE utf8mb4_unicode_ci DEFAULT NULL,
  `project_role` varchar(255) COLLATE utf8mb4_unicode_ci DEFAULT NULL,
  `exp_stazh_s_uchetom_zagruzki` varchar(255) CHARACTER SET utf8mb4 COLLATE utf8mb4_unicode_ci DEFAULT NULL,
  `achievements` text CHARACTER SET utf8mb4 COLLATE utf8mb4_unicode_ci,
  `created_at` timestamp NULL DEFAULT NULL,
  `updated_at` timestamp NULL DEFAULT NULL,
  PRIMARY KEY (`id`)
) ENGINE=InnoDB AUTO_INCREMENT=123 DEFAULT CHARSET=utf8mb4 COLLATE=utf8mb4_unicode_ci;
/*!40101 SET character_set_client = @saved_cs_client */;

--
-- Dumping data for table `testing_order_experiences`
--

LOCK TABLES `testing_order_experiences` WRITE;
/*!40000 ALTER TABLE `testing_order_experiences` DISABLE KEYS */;
INSERT INTO `testing_order_experiences` VALUES (24,32,3,'2023-02-23','2023-02-24','Организация','Название проекта','Проектная роль','2','asdwer\r\nasdqweeee\r\nasdqweeee\r\nasdqweeee','2023-02-22 05:12:53','2023-02-22 05:12:53'),(25,32,10,'2023-02-23','2023-02-16','asd','qwe','qww','2','456789\r\nasdqwe','2023-02-22 06:00:11','2023-02-22 06:00:11'),(26,32,11,'2023-02-23','2023-02-23','asd','qwe','qqq','1','aaaa','2023-02-22 06:16:58','2023-02-22 06:16:58'),(80,32,13,'2023-02-24','2023-02-24','ddd','eee','rtt','2','yyy','2023-02-23 00:46:18','2023-02-23 00:46:18'),(83,32,14,'2023-02-17','2023-02-18','asd','qwe','www','2','eee','2023-02-23 00:53:24','2023-02-23 00:53:24'),(85,32,12,'2023-02-23','2023-02-23','asd','qwe','qq','1','qwe','2023-02-24 03:40:03','2023-02-24 03:40:03'),(92,32,15,'2023-02-24','2023-02-24','ddd','qwe','www','1','asd','2023-02-24 06:04:46','2023-02-24 06:04:46'),(93,32,16,'2023-02-09','2023-02-10','qqq','www','eee','1','asd','2023-02-24 06:05:50','2023-02-24 06:05:50'),(98,32,19,'2023-02-10','2023-02-25','asd','qwe','qqq','1','asd','2023-02-24 06:22:00','2023-02-24 06:22:00'),(119,32,18,'2023-02-17','2023-02-17','aa','aaa','aaa','1','aaa','2023-02-27 09:24:18','2023-02-27 09:24:18'),(120,32,20,'2023-02-22','2023-02-23','организация','проект','роль','12','достижения','2023-02-28 03:27:56','2023-02-28 03:27:56'),(121,32,21,'2023-02-22','2023-02-23','aaa','qqq','sss','1','ddd','2023-02-28 03:39:10','2023-02-28 03:39:10'),(122,56,23,'2023-02-09','2023-02-11','aaa','aaa','aaa','2','aaa','2023-02-28 10:37:54','2023-02-28 10:37:54');
/*!40000 ALTER TABLE `testing_order_experiences` ENABLE KEYS */;
UNLOCK TABLES;

--
-- Table structure for table `testing_order_groups`
--

DROP TABLE IF EXISTS `testing_order_groups`;
/*!40101 SET @saved_cs_client     = @@character_set_client */;
/*!50503 SET character_set_client = utf8mb4 */;
CREATE TABLE `testing_order_groups` (
  `testing_order_id` bigint unsigned NOT NULL,
  `group_id` bigint unsigned NOT NULL,
  `created_at` timestamp NULL DEFAULT NULL,
  `updated_at` timestamp NULL DEFAULT NULL
) ENGINE=InnoDB DEFAULT CHARSET=utf8mb4 COLLATE=utf8mb4_unicode_ci;
/*!40101 SET character_set_client = @saved_cs_client */;

--
-- Dumping data for table `testing_order_groups`
--

LOCK TABLES `testing_order_groups` WRITE;
/*!40000 ALTER TABLE `testing_order_groups` DISABLE KEYS */;
/*!40000 ALTER TABLE `testing_order_groups` ENABLE KEYS */;
UNLOCK TABLES;

--
-- Table structure for table `testing_order_steps`
--

DROP TABLE IF EXISTS `testing_order_steps`;
/*!40101 SET @saved_cs_client     = @@character_set_client */;
/*!50503 SET character_set_client = utf8mb4 */;
CREATE TABLE `testing_order_steps` (
  `id` bigint unsigned NOT NULL AUTO_INCREMENT,
  `user_id` bigint NOT NULL,
  `testing_order_id` bigint NOT NULL,
  `step_1` tinyint(1) NOT NULL DEFAULT '0',
  `step_2` tinyint(1) NOT NULL DEFAULT '0',
  `step_3` tinyint(1) NOT NULL DEFAULT '0',
  `step_4` tinyint(1) NOT NULL DEFAULT '0',
  `created_at` timestamp NULL DEFAULT NULL,
  `updated_at` timestamp NULL DEFAULT NULL,
  `step_5` tinyint(1) NOT NULL DEFAULT '0',
  PRIMARY KEY (`id`)
) ENGINE=InnoDB AUTO_INCREMENT=17 DEFAULT CHARSET=utf8mb4 COLLATE=utf8mb4_unicode_ci;
/*!40101 SET character_set_client = @saved_cs_client */;

--
-- Dumping data for table `testing_order_steps`
--

LOCK TABLES `testing_order_steps` WRITE;
/*!40000 ALTER TABLE `testing_order_steps` DISABLE KEYS */;
INSERT INTO `testing_order_steps` VALUES (1,32,8,1,0,0,0,'2023-02-22 05:47:20','2023-02-22 05:47:20',0),(2,32,9,1,1,0,0,'2023-02-22 05:50:36','2023-02-22 05:54:00',0),(3,32,10,1,1,0,0,'2023-02-22 05:59:24','2023-02-22 05:59:31',0),(4,32,11,1,1,0,0,'2023-02-22 06:16:40','2023-02-22 06:16:44',0),(5,32,12,1,1,0,1,'2023-02-22 06:19:52','2023-02-24 04:05:43',0),(6,32,13,1,1,0,1,'2023-02-23 00:39:55','2023-02-23 03:22:05',0),(7,32,14,1,1,0,0,'2023-02-23 00:49:59','2023-02-23 00:50:09',0),(8,32,15,1,1,0,1,'2023-02-23 00:54:10','2023-02-24 06:02:39',0),(9,32,16,1,1,0,0,'2023-02-24 06:05:34','2023-02-24 06:05:39',0),(10,32,17,1,1,0,0,'2023-02-24 06:12:27','2023-02-24 06:12:50',0),(11,32,18,1,1,1,0,'2023-02-24 06:13:34','2023-02-27 09:13:29',0),(12,32,19,1,1,1,1,'2023-02-24 06:21:46','2023-02-27 05:58:59',0),(13,32,20,1,1,1,0,'2023-02-28 03:21:04','2023-02-28 03:27:56',0),(14,32,21,1,1,1,1,'2023-02-28 03:38:46','2023-02-28 03:42:55',0),(15,55,22,1,0,0,0,'2023-02-28 10:13:08','2023-02-28 10:13:08',0),(16,56,23,1,1,1,1,'2023-02-28 10:36:59','2023-02-28 10:38:46',0);
/*!40000 ALTER TABLE `testing_order_steps` ENABLE KEYS */;
UNLOCK TABLES;

--
-- Table structure for table `testing_orders`
--

DROP TABLE IF EXISTS `testing_orders`;
/*!40101 SET @saved_cs_client     = @@character_set_client */;
/*!50503 SET character_set_client = utf8mb4 */;
CREATE TABLE `testing_orders` (
  `id` bigint unsigned NOT NULL AUTO_INCREMENT,
  `test_gen` int NOT NULL,
  `reg_id` int NOT NULL,
  `iin` varchar(12) COLLATE utf8mb4_unicode_ci NOT NULL,
  `category_id` bigint unsigned DEFAULT NULL,
  `lang_id` bigint unsigned DEFAULT NULL,
  `desired_test_date` date DEFAULT NULL,
  `user_id` bigint unsigned NOT NULL,
  `reason` longtext CHARACTER SET utf8mb4 COLLATE utf8mb4_unicode_ci,
  `status_id` int unsigned NOT NULL,
  `created_at` timestamp NULL DEFAULT NULL,
  `updated_at` timestamp NULL DEFAULT NULL,
  PRIMARY KEY (`id`),
  KEY `testing_orders_lang_id_index` (`lang_id`),
  KEY `testing_orders_status_id_index` (`status_id`),
  KEY `testing_orders_category_id_index` (`category_id`),
  KEY `testing_orders_user_id_index` (`user_id`),
  CONSTRAINT `testing_orders_category_id_foreign` FOREIGN KEY (`category_id`) REFERENCES `test_categories` (`id`) ON DELETE CASCADE,
  CONSTRAINT `testing_orders_lang_id_foreign` FOREIGN KEY (`lang_id`) REFERENCES `langs` (`id`) ON DELETE CASCADE,
  CONSTRAINT `testing_orders_status_id_foreign` FOREIGN KEY (`status_id`) REFERENCES `statuses` (`id`) ON DELETE CASCADE,
  CONSTRAINT `testing_orders_user_id_foreign` FOREIGN KEY (`user_id`) REFERENCES `users` (`id`) ON DELETE CASCADE
) ENGINE=InnoDB AUTO_INCREMENT=24 DEFAULT CHARSET=utf8mb4 COLLATE=utf8mb4_unicode_ci;
/*!40101 SET character_set_client = @saved_cs_client */;

--
-- Dumping data for table `testing_orders`
--

LOCK TABLES `testing_orders` WRITE;
/*!40000 ALTER TABLE `testing_orders` DISABLE KEYS */;
INSERT INTO `testing_orders` VALUES (12,10,1,'3',4,2,'2023-02-23',32,'ddddddddddd',2,'2023-02-22 06:19:52','2023-03-07 09:38:31'),(13,11,2,'666',2,2,'2023-02-24',32,NULL,0,'2023-02-23 00:39:55','2023-02-23 00:40:12'),(14,12,1,'1111',1,1,'2023-02-16',32,NULL,2,'2023-02-23 00:49:59','2023-03-07 09:45:10'),(15,13,1,'123123',1,1,'2023-02-24',32,NULL,1,'2023-02-23 00:54:10','2023-03-07 09:42:10'),(16,14,1,'7777777777',1,1,'2023-02-23',32,NULL,1,'2023-02-24 06:05:34','2023-03-07 09:45:29'),(17,15,1,'123456789',1,1,NULL,32,NULL,0,'2023-02-24 06:12:27','2023-02-24 06:12:50'),(18,16,1,'111111111',1,1,'2023-02-17',32,NULL,1,'2023-02-24 06:13:34','2023-02-24 06:13:41'),(19,17,1,'123',1,1,'2023-02-09',32,'000000000000000000000000000000000000000',2,'2023-02-24 06:21:46','2023-03-07 09:21:38'),(21,18,1,'000826600317',4,1,'2023-04-04',33,'sssssssssssssss',2,'2023-02-28 03:38:46','2023-03-07 09:17:15'),(22,19,1,'000826600317',NULL,NULL,NULL,55,NULL,0,'2023-02-28 10:13:08','2023-02-28 10:13:08'),(23,20,1,'000826600317',4,3,'2023-04-04',56,'as',2,'2023-02-28 10:36:59','2023-03-07 08:55:40');
/*!40000 ALTER TABLE `testing_orders` ENABLE KEYS */;
UNLOCK TABLES;

--
-- Table structure for table `tests`
--

DROP TABLE IF EXISTS `tests`;
/*!40101 SET @saved_cs_client     = @@character_set_client */;
/*!50503 SET character_set_client = utf8mb4 */;
CREATE TABLE `tests` (
  `id` bigint unsigned NOT NULL AUTO_INCREMENT,
  `test_name` varchar(255) COLLATE utf8mb4_unicode_ci NOT NULL,
  `reg_id` int NOT NULL,
  `test_date` date NOT NULL,
  `test_lang_id` bigint unsigned NOT NULL,
  `test_category_type_id` bigint unsigned NOT NULL,
  `created_at` timestamp NULL DEFAULT NULL,
  `updated_at` timestamp NULL DEFAULT NULL,
  PRIMARY KEY (`id`),
  KEY `tests_test_lang_id_index` (`test_lang_id`),
  KEY `tests_test_category_type_id_index` (`test_category_type_id`),
  CONSTRAINT `tests_test_category_type_id_foreign` FOREIGN KEY (`test_category_type_id`) REFERENCES `test_categories` (`id`) ON DELETE CASCADE,
  CONSTRAINT `tests_test_lang_id_foreign` FOREIGN KEY (`test_lang_id`) REFERENCES `langs` (`id`) ON DELETE CASCADE
) ENGINE=InnoDB AUTO_INCREMENT=5 DEFAULT CHARSET=utf8mb4 COLLATE=utf8mb4_unicode_ci;
/*!40101 SET character_set_client = @saved_cs_client */;

--
-- Dumping data for table `tests`
--

LOCK TABLES `tests` WRITE;
/*!40000 ALTER TABLE `tests` DISABLE KEYS */;
INSERT INTO `tests` VALUES (1,'test 2',1,'2023-03-01',1,2,'2023-02-27 11:09:58','2023-02-27 11:09:58'),(2,'test 3',1,'2023-04-04',3,4,'2023-02-27 11:10:29','2023-02-27 11:10:29'),(3,'test 4',1,'2023-04-04',2,4,'2023-02-27 11:10:29','2023-02-27 11:10:29'),(4,'test 5',1,'2023-05-01',2,2,'2023-02-28 10:42:24','2023-02-28 10:42:24');
/*!40000 ALTER TABLE `tests` ENABLE KEYS */;
UNLOCK TABLES;

--
-- Table structure for table `user_details`
--

DROP TABLE IF EXISTS `user_details`;
/*!40101 SET @saved_cs_client     = @@character_set_client */;
/*!50503 SET character_set_client = utf8mb4 */;
CREATE TABLE `user_details` (
  `id` bigint unsigned NOT NULL AUTO_INCREMENT,
  `avatar` text COLLATE utf8mb4_unicode_ci,
  `birthday` date NOT NULL,
  `gender` tinyint(1) DEFAULT NULL,
  `iin` varchar(12) COLLATE utf8mb4_unicode_ci DEFAULT NULL,
  `mobile_phone` varchar(255) COLLATE utf8mb4_unicode_ci DEFAULT NULL,
  `work_phone` varchar(255) COLLATE utf8mb4_unicode_ci DEFAULT NULL,
  `living_address` varchar(255) COLLATE utf8mb4_unicode_ci DEFAULT NULL,
  `job_org` varchar(255) COLLATE utf8mb4_unicode_ci DEFAULT NULL,
  `job_position` varchar(255) COLLATE utf8mb4_unicode_ci DEFAULT NULL,
  `stazh_gos` varchar(255) COLLATE utf8mb4_unicode_ci DEFAULT NULL,
  `stazh_project_man` varchar(255) COLLATE utf8mb4_unicode_ci DEFAULT NULL,
  `created_at` timestamp NULL DEFAULT NULL,
  `updated_at` timestamp NULL DEFAULT NULL,
  `user_id` bigint unsigned DEFAULT NULL,
  `email` varchar(255) COLLATE utf8mb4_unicode_ci DEFAULT NULL,
  PRIMARY KEY (`id`),
  KEY `user_details_user_id_index` (`user_id`),
  CONSTRAINT `user_details_user_id_foreign` FOREIGN KEY (`user_id`) REFERENCES `users` (`id`) ON DELETE CASCADE
) ENGINE=InnoDB AUTO_INCREMENT=6 DEFAULT CHARSET=utf8mb4 COLLATE=utf8mb4_unicode_ci;
/*!40101 SET character_set_client = @saved_cs_client */;

--
-- Dumping data for table `user_details`
--

LOCK TABLES `user_details` WRITE;
/*!40000 ALTER TABLE `user_details` DISABLE KEYS */;
INSERT INTO `user_details` VALUES (1,NULL,'2023-02-09',NULL,'000826600317','45678911',NULL,'fljtc','asd','qwe','2','1','2023-02-21 02:56:34','2023-02-28 03:38:46',32,'mail@mail.ru'),(2,NULL,'2023-02-09',NULL,'000826600317','45678911',NULL,'fljtc','asd','qwe','2','1','2023-02-21 02:56:34','2023-02-28 03:38:46',32,'mail@mail.ru'),(3,NULL,'2023-02-18',NULL,'000826600317','123',NULL,'aaaaa','bbbbbbbbbb','cccccccccccccc','1','1','2023-02-21 02:56:34','2023-02-24 06:21:46',44,'mail@mail.ru'),(4,NULL,'2023-02-23',NULL,'000826600317','87054567788',NULL,'asd','aaa','eeee','1','1','2023-02-28 10:13:08','2023-02-28 10:13:08',55,NULL),(5,NULL,'2023-02-04',NULL,'000826600317','87054567788',NULL,'asd','aaa','aaa','1','1','2023-02-28 10:36:59','2023-02-28 10:36:59',56,NULL);
/*!40000 ALTER TABLE `user_details` ENABLE KEYS */;
UNLOCK TABLES;

--
-- Table structure for table `user_signs`
--

DROP TABLE IF EXISTS `user_signs`;
/*!40101 SET @saved_cs_client     = @@character_set_client */;
/*!50503 SET character_set_client = utf8mb4 */;
CREATE TABLE `user_signs` (
  `id` bigint unsigned NOT NULL AUTO_INCREMENT,
  `user_id` bigint unsigned NOT NULL,
  `testing_order_id` bigint unsigned NOT NULL,
  `sign` longtext COLLATE utf8mb4_unicode_ci NOT NULL,
  `signed_at` datetime NOT NULL,
  `created_at` timestamp NULL DEFAULT NULL,
  `updated_at` timestamp NULL DEFAULT NULL,
  PRIMARY KEY (`id`),
  KEY `user_signs_user_id_foreign` (`user_id`),
  KEY `user_signs_testing_order_id_foreign` (`testing_order_id`),
  CONSTRAINT `user_signs_testing_order_id_foreign` FOREIGN KEY (`testing_order_id`) REFERENCES `testing_orders` (`id`),
  CONSTRAINT `user_signs_user_id_foreign` FOREIGN KEY (`user_id`) REFERENCES `users` (`id`)
) ENGINE=InnoDB AUTO_INCREMENT=6 DEFAULT CHARSET=utf8mb4 COLLATE=utf8mb4_unicode_ci;
/*!40101 SET character_set_client = @saved_cs_client */;

--
-- Dumping data for table `user_signs`
--

LOCK TABLES `user_signs` WRITE;
/*!40000 ALTER TABLE `user_signs` DISABLE KEYS */;
INSERT INTO `user_signs` VALUES (3,32,19,'MIIXQwYJKoZIhvcNAQcCoIIXNDCCFzACAQExDzANBglghkgBZQMEAgEFADCCDkQGCSqGSIb3DQEHAaCCDjUEgg4xJVBERi0xLjcKMSAwIG9iago8PCAvVHlwZSAvQ2F0YWxvZwovT3V0bGluZXMgMiAwIFIKL1BhZ2VzIDMgMCBSID4+CmVuZG9iagoyIDAgb2JqCjw8IC9UeXBlIC9PdXRsaW5lcyAvQ291bnQgMCA+PgplbmRvYmoKMyAwIG9iago8PCAvVHlwZSAvUGFnZXMKL0tpZHMgWzYgMCBSCjExIDAgUgpdCi9Db3VudCAyCi9SZXNvdXJjZXMgPDwKL1Byb2NTZXQgNCAwIFIKL0ZvbnQgPDwgCi9GMSA4IDAgUgovRjIgOSAwIFIKPj4KPj4KL01lZGlhQm94IFswLjAwMCAwLjAwMCA1OTUuMjgwIDg0MS44OTBdCiA+PgplbmRvYmoKNCAwIG9iagpbL1BERiAvVGV4dCBdCmVuZG9iago1IDAgb2JqCjw8Ci9Qcm9kdWNlciAo/v8AZABvAG0AcABkAGYAIAAyAC4AMAAuADMAIAArACAAQwBQAEQARikKL0NyZWF0aW9uRGF0ZSAoRDoyMDIzMDIyNzExMDgzNCswNicwMCcpCi9Nb2REYXRlIChEOjIwMjMwMjI3MTEwODM0KzA2JzAwJykKPj4KZW5kb2JqCjYgMCBvYmoKPDwgL1R5cGUgL1BhZ2UKL01lZGlhQm94IFswLjAwMCAwLjAwMCA1OTUuMjgwIDg0MS44OTBdCi9QYXJlbnQgMyAwIFIKL0NvbnRlbnRzIDcgMCBSCj4+CmVuZG9iago3IDAgb2JqCjw8IC9GaWx0ZXIgL0ZsYXRlRGVjb2RlCi9MZW5ndGggOTk2ID4+CnN0cmVhbQp4nKVXzYrkRgy+z1OIDYRtaCsl1X/n0GEhfzuHQKYPYbeXZmFmQyA5ZEKYN8k593mEfbnIbvfYZavchtQM7nK59PNJKkl1Q2iMgfHz8dcb69BQgP7Hc0R2GWK0mHyGxwf4dGO6veOn0L05AIeE1hmIjjBEA4d7+Oo7BmKU+SeA96/37YD9ZWw+wOEtfHs4ExtMLTFnjLlCPJB20zG9S4QpMkST0cR0oU8DOYLhxqRGnjymtDaiF6whecw1yXt4HksuxmhB5RsdEq1DNJt+VjkGRrY9R5py/BdMNuzEL8ZxVum9Qeur9LfvQgiGIonW3bBOZ2MTulhjQ0Gl4YA+11X/4e7N7e27219UWnIYSaeFV4XtRrZ8pbIyjKlmQYmUjnIH51lzZrSFyxdhI+GgukawYa6ZFneQjq8jRT5uIPrGuiZFlUtsg7geMipNiEhq+D6XMaWHnMxVrt6jrQVv5RDohrGETrX4qRs97TAbT/tXGcWRF9YkKcNTRj/YfDjyRzn07d+g23Gj6mbikLAU3T7+dT+XfiF22Q8JSyH+8+lBIY5ydNhI1rKYSVddN+4ejkUaPW621+C5KDotmH4ZnuRlUgP6tG4UHmOH2TI4l5BjHTZMUVeA2YB2wfRT6V7ihZ1o0bo7VaRXRFEtb53l/PHxt9+/aR/4+PdWPls9XJMUS2eKNDYW/9C0LF4cWqrCEjOtCja0NTm8HEk3P5JQ0PnclWXrLdqk0pUlraAmqcdtXbZWDhkvU8Msy8A0x1RqJZseG3uU4rOEree90Aq0KgtosCQtgdGYjU7X/9BZ/OBNBs4R87I/Zr4kKYMsYcXSV/WZR0pycnB4msZX741zoyWfB4xBFlYwmBiuakLVJNOPqjJigNSCCXTJhISU8rIuikbt/493PwFLwjENG3KFKjBOipflRYVcHmfXih7wz7w0Hjc71V3S8eiZdHZmrmz/8ou2t3JfD23lWP7nlyRPlbiRXz0r64qs2D7v6n/+Xhajhycw8BbeA3yQyf0NWZazSh1Tz14SGAvr81PuB3edYLkCXBGsAh9D5wp0OWCsFmsd+ortiyiFPrgrKOsyrqK0FZTSoOqlTUe5YvsiSqGP4QrKuoweZTPCOiB0OkLpVaWyrkZY315adngZEncl0e3gdKKuydyOJfbJg6TcBv2KML0Bvshpzhzbd1QxhyBOWI+5ur2QDIoqPcBn6UHEb7a99EqpqmjlnVyd12tV3X5FmdO0028HoGZ7axau4jPuRVVmM2dRaLnTBMoVguqVYhC1rfl+r3GVe0X1nj6vfSqenpVcMqo39jOHWc88e4Fy9SLlPxhaDRoKZW5kc3RyZWFtCmVuZG9iago4IDAgb2JqCjw8IC9UeXBlIC9Gb250Ci9TdWJ0eXBlIC9UeXBlMQovTmFtZSAvRjEKL0Jhc2VGb250IC9UaW1lcy1Sb21hbgovRW5jb2RpbmcgL1dpbkFuc2lFbmNvZGluZwo+PgplbmRvYmoKOSAwIG9iago8PCAvVHlwZSAvRm9udAovU3VidHlwZSAvVHlwZTEKL05hbWUgL0YyCi9CYXNlRm9udCAvVGltZXMtQm9sZAovRW5jb2RpbmcgL1dpbkFuc2lFbmNvZGluZwo+PgplbmRvYmoKMTAgMCBvYmoKWzYgMCBSIC9GaXRdCmVuZG9iagoxMSAwIG9iago8PCAvVHlwZSAvUGFnZQovTWVkaWFCb3ggWzAuMDAwIDAuMDAwIDU5NS4yODAgODQxLjg5MF0KL1BhcmVudCAzIDAgUgovQ29udGVudHMgMTIgMCBSCj4+CmVuZG9iagoxMiAwIG9iago8PCAvRmlsdGVyIC9GbGF0ZURlY29kZQovTGVuZ3RoIDExNTYgPj4Kc3RyZWFtCnicnVi5jhRJEPXnK8JkpO7svA/WaGklQMKE9hiEw7LO4uDwJ9j4fML83EYdeUdmtaZGmq6KyuNFxIuXmfXAGeccyv8//n3ojR/eodEZ+Akc3sMngM948/VBrC/L/9hbacaFhf3HSMekDuCcYt4E+PEPfCMmwH5/3yA45rGP04JZx+H2FS5vBQjJ8P4bwKdX1+WCa7qgeCjM+PD0qnh6eoSmxeNnuL2HN7cH0fqEGOyCQVrmgobvIJRnprD8Bx+JXp6JtQ16u/aKBi6YUVsndFDwLSpOLGORHo6RCeUqIN/BCs/0EbQFP6+wJUsBrutmhWOh6pYsjU9abebsE3IBU337SaavSkSVyyaF9eP+BK2hzOfGJZwXw1ciw6gHMeATOWA1MzsmC8chVUWW3TIlC7YxqiCLdRhB15HFhmWsl5IlQUtkmUHL1IjYoqUENyZL6hYtrU97SgqfODPS0mSBIh/r/Skn5gRksoAkD9RD/ZnzxXrOhBnqDzHTfv98wqEb2l6fj/ljHdaYK/kTLTP+LG2cK/mjEXcvNtYuY72QPxla5M8UWmZLxJYsBbghf3K3ZGl8iinKPkmmsMdYbBJRMglwcdiXhJ5LlB5s1o05yzVnjzFMhZ3a0vK7dLAiTat81dvn/S20zXfDHBv+mpESVoHYB3yxJC55s5UkRgtN6a2X7oRU3yGkFvcLohRSTa+6Vi0IXloIyaFUCDOHYjfd6e/Uo1wt0aVo0fcs1rlbtLShiETIoTDMK5Kkra6mOlI+UJpL07mg1JyaGB5n4oqg1KRs+go5kRAGmwvoLIfYuGXe7dGynlytBrWcdqLwK5ufHnNULlS/eDdFZQJuazah0Qw5fo/QkL7TokeDX6HPYXmFRbjDCnK2D2zlplWf9TqXhl2AW5zHsXKCyY3vCtcLf8CukTTn22do8pU0uF5X5qhMYOpwo7FG6XVSqLK/dky7vWaslIRXIi90UA1YI72UPtavT9mpc93ryDtlmAmxajSFrnayYWkzW36VbZfmzTrSHJRUzE1WwDI4U12rFQ6aLn8BmS8hNrFdWCi9IyIiy41Jt8ZTj8Q+uC/3aUx0CCwc0XAsErSv2uO65aa+qsJXGHpLulXTok7U3Fc8j4gQhUBTsIipIUdyu05tlTR3lzpIp8MUWM3UjJbVBOfWMEiBkUzHQ5YUlBLrNQWUK0QGoA5AV5zQvZj7jPsnM6BdM/qFCMKlAHKtD3i9N/M4SR+/N+Fhg1zeTVeWNAO7p17WmlaHzCg/qxgupoSdLeVN8nph7QJ2oO969lmFmJ7GwsqM7B8AFR7A6S8edf44P2iep3xNTWN9POcbjDEV2jM0cMktVM7wvl86tdG+jtalCMXY0Rm9D2J1ds156w66FBXIcGsdT6w4r6U2R3UcWs8bpaMmb4tgHg0lp8fUdsyhYzKdcrCIBCX251b72tIgi5byfeoQLw43ws6LuE7jBAzU952KTyHJkM40AyRURKVPZ457KnPc/Eu84Hf994W+KCwuHTTuwjJsvs67hu43+VdF883tf6Jij0kKZW5kc3RyZWFtCmVuZG9iagp4cmVmCjAgMTMKMDAwMDAwMDAwMCA2NTUzNSBmIAowMDAwMDAwMDA5IDAwMDAwIG4gCjAwMDAwMDAwNzQgMDAwMDAgbiAKMDAwMDAwMDEyMCAwMDAwMCBuIAowMDAwMDAwMjkxIDAwMDAwIG4gCjAwMDAwMDAzMjAgMDAwMDAgbiAKMDAwMDAwMDQ2OSAwMDAwMCBuIAowMDAwMDAwNTcyIDAwMDAwIG4gCjAwMDAwMDE2NDAgMDAwMDAgbiAKMDAwMDAwMTc0OSAwMDAwMCBuIAowMDAwMDAxODU3IDAwMDAwIG4gCjAwMDAwMDE4ODYgMDAwMDAgbiAKMDAwMDAwMTk5MSAwMDAwMCBuIAp0cmFpbGVyCjw8Ci9TaXplIDEzCi9Sb290IDEgMCBSCi9JbmZvIDUgMCBSCi9JRFs8ZTNhOTRkOTU3Y2VkNTU1YzFlYjNhMzcyZjk3YTJhZGY+PGUzYTk0ZDk1N2NlZDU1NWMxZWIzYTM3MmY5N2EyYWRmPl0KPj4Kc3RhcnR4cmVmCjMyMjEKJSVFT0YKoIIGkjCCBo4wggR2oAMCAQICFBXLyrLVok9LoHpPoNHdHQJAPDfyMA0GCSqGSIb3DQEBCwUAMFIxCzAJBgNVBAYTAktaMUMwQQYDVQQDDDrSsNCb0KLQotCr0pog0JrQo9OY0JvQkNCd0JTQq9Cg0KPQqNCrINCe0KDQotCQ0JvQq9KaIChSU0EpMB4XDTIzMDIyMzEwNDQ0OFoXDTI0MDIyMzEwNDQ0OFowga0xJjAkBgNVBAMMHdCR0J7Qm9CQ0KLQkdCV0Jog0JTQmNCd0JDQoNCQMRkwFwYDVQQEDBDQkdCe0JvQkNCi0JHQldCaMRgwFgYDVQQFEw9JSU4wMDA4MjY2MDAzMTcxCzAJBgNVBAYTAktaMRswGQYDVQQqDBLQnNCQ0KDQkNCi0prQq9CX0KsxJDAiBgkqhkiG9w0BCQEWFWJvbGF0YmVrZDFuQGdtYWlsLmNvbTCCASIwDQYJKoZIhvcNAQEBBQADggEPADCCAQoCggEBAIfDktTcruF3VbTRmRMkMfGwXzaqI1sYyHq1DhZfjzFRJvQnr5nbCqqkCL8nhegqKYmx/z3RBtYj3Hb4ZL3oUwwpj0J81fS5oaz1Qy/goeJmfiO6pZ8YZ2DNqRlqolbmZ9d8cpot8rWZjeC4BTz2R1DK/s9G0rHfmFtrIAKQkP0p1nqYjkrFYjYLo84EC9X3Vyxi5u4lH7bIfp+bThSrsAoayCTKKM4VaCQrBeSyzWDdprDoo+911yq9AUJvqCPIuqrMcOqvcCj1yQ1Glw9BK25ZeTZ7xKdf9F/eswUbQzVnU1SbP6zDuM4L5HQv7TdIF4Zj6k1LCmEoWEJ7t1rmi4ECAwEAAaOCAf4wggH6MA4GA1UdDwEB/wQEAwIGwDAoBgNVHSUEITAfBggrBgEFBQcDBAYIKoMOAwMEAQEGCSqDDgMDBAMCATBeBgNVHSAEVzBVMFMGByqDDgMDAgMwSDAhBggrBgEFBQcCARYVaHR0cDovL3BraS5nb3Yua3ovY3BzMCMGCCsGAQUFBwICMBcMFWh0dHA6Ly9wa2kuZ292Lmt6L2NwczBWBgNVHR8ETzBNMEugSaBHhiFodHRwOi8vY3JsLnBraS5nb3Yua3ovbmNhX3JzYS5jcmyGImh0dHA6Ly9jcmwxLnBraS5nb3Yua3ovbmNhX3JzYS5jcmwwWgYDVR0uBFMwUTBPoE2gS4YjaHR0cDovL2NybC5wa2kuZ292Lmt6L25jYV9kX3JzYS5jcmyGJGh0dHA6Ly9jcmwxLnBraS5nb3Yua3ovbmNhX2RfcnNhLmNybDBiBggrBgEFBQcBAQRWMFQwLgYIKwYBBQUHMAKGImh0dHA6Ly9wa2kuZ292Lmt6L2NlcnQvbmNhX3JzYS5jZXIwIgYIKwYBBQUHMAGGFmh0dHA6Ly9vY3NwLnBraS5nb3Yua3owHQYDVR0OBBYEFBXLyrLVok9LoHpPoNHdHQJAPDfyMA8GA1UdIwQIMAaABFtqdBEwFgYGKoMOAwMFBAwwCgYIKoMOAwMFAQEwDQYJKoZIhvcNAQELBQADggIBACPaK7+h6nxZOAUhYHU4uvF43hqiI5Ii5fl5P+bmqJsiB8v45ypXLDALRzxcxZOn9NyDyY3eXFSuVE7cuNonv3jydlB1j6G0S4TXBm+KvIsVQOEdNckdjnENGaigOMgFMlPeBNSdCeaQuup5EZT0DXWsQxxNxmGw9ycoK5szlL8sEJ5Sc41xRhjQYHtwbrf4fTq6yHgaEMFJeJKlJ7KXxTITf0jWSNrqlD2qMaz/CgMWH7OWFmpz1eRqYNCwBJL0RvqSml2EnZu/BY5YwDUU3Wx9nlboagrQjAYpanhsSP19jUtVqZIyR7F8kZM8HL05Bn0Gjx/v9ubzA8PL9aW/Wt8Gr7dlJm+bt+Ro0tKuBgtmt42VYSUDgv2oAr3+QNCvDipIShuF28UPvjr/9LAVu3ihgAQNS/yc4iYq7+ZnllBOArd6hmboH30KG5QuXU8ULlzQ9i8LkyMZD1u5n24Usa7o/8oLCmgmY0gHeusV7QES5EUAxeh2IWFYFZOHPdTd4kN221oZsecX2FQuGB3VprbAWI1oz4JBFMJjcYQrUdBfOhsgSM+kZjqQHgwWJXK9wonE8Zfvgr8AR+i/bqPlPocVKQwuSxbuYkgcbKxJJvfOUzVbzm+n1VMS7aMYMPBllZ5WFKJ4oHCkP/LyRmN2AiLYvBl+Vo47b1rTpGfC0QwoMYICOjCCAjYCAQEwajBSMQswCQYDVQQGEwJLWjFDMEEGA1UEAww60rDQm9Ci0KLQq9KaINCa0KPTmNCb0JDQndCU0KvQoNCj0KjQqyDQntCg0KLQkNCb0KvSmiAoUlNBKQIUFcvKstWiT0ugek+g0d0dAkA8N/IwDQYJYIZIAWUDBAIBBQCggaIwGAYJKoZIhvcNAQkDMQsGCSqGSIb3DQEHATAcBgkqhkiG9w0BCQUxDxcNMjMwMjI3MDUwODUxWjAvBgkqhkiG9w0BCQQxIgQg3DIMs0q5HeItyPyCeWN9jrXDNkexo0d0NSaS+a27MxMwNwYLKoZIhvcNAQkQAi8xKDAmMCQwIgQgntjJk22X1FIRH8LnCkMTOGMcnmevy6ZbdmRc+P70sNMwDQYJKoZIhvcNAQELBQAEggEADch7GbGa56zkHzMir1yL8PIS16MQRslOqIXhu6D2vDV0IZswJ/o4Idp29Cu8HdXKbLvlTwVcrFtffmBkVu5YYgjVasEhx1B79WJFF9TnIioaxcd1GBmZ7oCbtRt7O/BZo7X/lip2mtjk3XzXJK3uzn8ColoiEb5SrDTcDKB6UqnXtRVHiVPqRQIFhqb1FOV3MBm2qpJPmumGRY1GHgMoVMtvcceMr/MUMA+xiHKa8e9JLDdjkfZ930IjYA3y1aKuiU1FPiTNxuhJc9dgda4rQ5m4uFyITqtzKZF+/Cvt+M9vEoE7ExPEqfif91NsnD/I1WV55RZy0EkuUALZQJZnAQ==','2023-02-27 11:08:51','2023-02-27 05:08:51','2023-02-27 05:08:51'),(4,32,21,'MIK/1QYJKoZIhvcNAQcCoIK/xjCCv8ICAQExDzANBglghkgBZQMEAgEFADCCttYGCSqGSIb3DQEHAaCCtscEgrbDJVBERi0xLjcKMSAwIG9iago8PCAvVHlwZSAvQ2F0YWxvZwovT3V0bGluZXMgMiAwIFIKL1BhZ2VzIDMgMCBSID4+CmVuZG9iagoyIDAgb2JqCjw8IC9UeXBlIC9PdXRsaW5lcyAvQ291bnQgMCA+PgplbmRvYmoKMyAwIG9iago8PCAvVHlwZSAvUGFnZXMKL0tpZHMgWzYgMCBSCjE4IDAgUgpdCi9Db3VudCAyCi9SZXNvdXJjZXMgPDwKL1Byb2NTZXQgNCAwIFIKL0ZvbnQgPDwgCi9GMSA4IDAgUgovRjIgMTMgMCBSCj4+Cj4+Ci9NZWRpYUJveCBbMC4wMDAgMC4wMDAgNTk1LjI4MCA4NDEuODkwXQogPj4KZW5kb2JqCjQgMCBvYmoKWy9QREYgL1RleHQgXQplbmRvYmoKNSAwIG9iago8PAovUHJvZHVjZXIgKP7/AGQAbwBtAHAAZABmACAAMgAuADAALgAzACAAKwAgAEMAUABEAEYpCi9DcmVhdGlvbkRhdGUgKEQ6MjAyMzAyMjgwOTQ2NTUrMDYnMDAnKQovTW9kRGF0ZSAoRDoyMDIzMDIyODA5NDY1NSswNicwMCcpCi9UaXRsZSAo/v8AUABEAEYAIAQ+BEIERwQ1BEIpCj4+CmVuZG9iago2IDAgb2JqCjw8IC9UeXBlIC9QYWdlCi9NZWRpYUJveCBbMC4wMDAgMC4wMDAgNTk1LjI4MCA4NDEuODkwXQovUGFyZW50IDMgMCBSCi9Db250ZW50cyA3IDAgUgo+PgplbmRvYmoKNyAwIG9iago8PCAvRmlsdGVyIC9GbGF0ZURlY29kZQovTGVuZ3RoIDIyNzUgPj4Kc3RyZWFtCnicxVhLjxy3Ee4DTzrJUZwsFpDUEoLEAiya78dod3Z3Vg/bK3iBWIfAlg+BZAUx7IPtBP5R+gn5c/mqmmT3zHJWEnIIBjM9ZDfr8X3FYlXfUFIpNS5/f/nHjc2L0TgnlY1jTE66kMYXr8fPnppRK+nHF2/G8dtPxJ/EWpyKI6GGUUShxKUw4pHw4lgkcfngu/HFl+OTFyzLOukTZIUkrfU9WQ4rLyHnMdZGfJ9BzplY4d8TzD7C9elSonWwVYcxuiCjjpNEPSZpmnGDHMZBDWZ4iN/Ev/TfdMXAQOV0NWwhZhS3xKG4C1FvxU3Yo2Cph8+JrbVA4EycY04BiTOxAQLk/zHmca+rymhpg++oOhcnEKKWIEIFzSVc7+LqGRrHdzfCY3ZkmE6wVjNIAKyrVCUZUu4oPYRC4u4JW6/E8fCfnoCQA662g/NH4kDcZqQzI+zwO30cRrkrLFmEQY+0A3wOIexi+GYI/FGDHiK+9FGLj4X4vvCoZAi6I/wQtn4M4XoI3YU+ypz8HhfJqs+Hr4cNbCPrLoa/dYU4L63KHSE3xR2IuC9uc6isweKxuBAZHH5EsIsV/l0hA1vrfleNNTLYHh1fUbgIR8HPsUpBczaQcMtztxEqp8NDcQ/XR4XxTzGPEd+/iUBSFHhA2HLUqz0RobPMvkciIpOFQSn23ctPmL+IYHj5ADNx8NiFRN9D3I1d0SpKk3oU3sE2uAcrce0t9NnJoDoUwo0/l11ziuWnjLMBUJvFLlvjiRVmyubF7BGv8YAxlP8bTnbdHOKTltn0qL8uSxwx9rsbP/Ux9yFL43u0r8VmGLeWeCNdTtcsOYA+xTYYdupjzm5EHkXQMc/9DhZRFCXOeKf8LO40RVcPj78+w6QNdvxtVOOX47fj+B3+vL4x2xOlz2b8afQKZBnVZn4cv97y1QfpYye+EFGU3MUBvnc4ZuvZk6bQA6EvH3Thc1Zm1Ymr4e/Dr8NrBOfPw2/D9wvveo40YUYap+CIjU6a7NrMriNWS2N6QQlHACaD6ysRTD9ldjpabRmTg085LEZadMRJfwpFihtN9IsL2l+fdv3WSXqvOjHgsPIRgvuYI3Qjnu9DTnmZouv48Gb4cfhh+Nfw6j1RA+lGE/3We2liajM7qLlspc6pj9qc2MYtMEILgedlm6k9DjkEXXKhL/6Aj7Q9C2G2jh0sh58QRf8EGqftnxx+Gf5N2RXJzuMsi0h4mU6y98PKeSu9SsDKIbJUtm1mFytHe6vHDpLv98iz1SBK9BM+HoXWGql/20kTjbTgwimq+Xo1yh93yjy/tRxblsy0WcvYrTbWtaABPWtOrIkTLOe8pagAR63D1spS17JjSxKdaL+fEjXMoc1yzptG8++qHKRTLqUMewaTz3EGkv71/u3F35OS6XwptZL4CrNnnBnpwHjMhda85gNrV61RAVo12hCkq2WQ2YnB3Xra/5+8ozN7ex9wyFlcne/sn1KnulLBkAOXrMCx4eftHL1YAHfVpMtrAZ8OJwqhdTlMN2W/T0Bt2Aa9yKiXfNBOeh4zPWeYXXP+pWwxn/m18poO683isFt4byjAewn1nrjPVTmVi1+gXKRCymDLey5a0X1wQesaUfXItUxZy/Az+5fcbZwzhGsu8lXJ1NcANN7ipzcM9oaT4nPuVsjZNeJzhd9M3K6adz7LaOCaNsj0FklnnrGoIDSKK5zHiofBUK2FQtfyMCH3vKLHlaXHndSovz06jqB4aLk6Qkln2hCPo9pWbr6PIsCkeTUqQFwW0oPM2c3ag0w2zbbV4WQ8P14nXPZjW22QTvIsXcvkzWTMpF2jT/Vjs01Lh4qu2T4N8Xj1rdyvnpfVFZkmvSJXtM9Is23bwL8a34y/cgossYYuOahecn8raOuvSgJ089m3U8+igJ+i6gyNhZ/6dQThIvVXE5TCmRuX3GPGR9+4xzCjkKgeKlQ2Oi24x4QjBAo+GAYURBW/Mpy5r/cL+nV1YWeWXtir2gu31bZ5SMY37k3OMhHc02oaOmerdBrqGGbuTU4wKlfuaRhRNxfb67Bx3+5PnrfVEzIL6RNyTfuEa7NtG/hd7k2GMaZXBL2be8ul4RE+Fz3+TYd/kwgKveCfZlLOlX+TYALKwOolhih6Z/5pIqlc+adhDr5hWIaN/3a/MFBXF4Zm6YXBqr3wW22bh2T8zD8mNEFeVwcZQ5ylo71QasE/Joy1jX8MFdqPZvs0nPmv96vnZXVFpkmvyBXtM656EQ7V9l3+E2pkpJAP5X/Nx8LjUukd9fi3Pf6jghN+yT+9TNG28Y9hTnOUR+xQHxb8Y8Ib1/jHMMSWP+tw5r/eLwzU1YWhWXphsGov/Fbb5iEZP/OPzjf52PjH0MGKKp36Yu0W/AcEo4uNfwwjutJqexnO/Nf7xfO6uiAzSy/IVe0F12rbNvBX+EeXkkOvB34r7nONQ8Uzvc5ZcS1zxi91npcKZtPj3V2p6IzCPrN6VxmOI1W0/eVWpwYyLstgO7kJNRDpDyUTKT6D5qJ4ze+8lm3rKMxOcZOGD3sjs9qpUY0B6NeY+M4OrAkAJJEORGuQbIxtM7UDa9P7NI28BTfcepl3vDE+KjUduUxbGKUsSsYt11xCy4czcr9Cc71rs4DqGo5ctCNm17V5+h2u9WLDYHPoTt4Sf+CcpKZw5CrfcQWsGuNP8A3v1QfssG4s9n3W+5Vz8W2Q+R7yy2n+vR6sWWSUytPBaJID4a7NtE588ltF9AW9rugzlPQX3LT+j17qlKf8s1fV8iUy9aD5eh9ngUFqQ8kfmUhq+FZntn1Edc7vIK625He5gyF2bWH4gruxq53fqhMz2qGcS72YOcT6k4LSrixVXl678gJr6iJPqecUX0x9VWnBn80vuXraNVDo9rPXa5+bcl3eKs89Z+rooarR9hvH+g54NYltrWhgEPenUgqiy/baqzqZSr5xbMxxeXYryXbMi0hnvV6joZA6KKyn/F0qDwPWP2+vsanDNdx2XmlSp5NpN+jLe8yJM81SN+z6MbtMEXYy55z/Aj2c5J8KZW5kc3RyZWFtCmVuZG9iago4IDAgb2JqCjw8L1R5cGUgL0ZvbnQKL1N1YnR5cGUgL1R5cGUwCi9CYXNlRm9udCAvU1VCQUFCK0RlamFWdVNhbnMKL0VuY29kaW5nIC9JZGVudGl0eS1ICi9EZXNjZW5kYW50Rm9udHMgWzEwIDAgUl0KL1RvVW5pY29kZSA5IDAgUgo+PgplbmRvYmoKOSAwIG9iago8PC9MZW5ndGggMzQ1ID4+CnN0cmVhbQovQ0lESW5pdCAvUHJvY1NldCBmaW5kcmVzb3VyY2UgYmVnaW4KMTIgZGljdCBiZWdpbgpiZWdpbmNtYXAKL0NJRFN5c3RlbUluZm8KPDwvUmVnaXN0cnkgKEFkb2JlKQovT3JkZXJpbmcgKFVDUykKL1N1cHBsZW1lbnQgMAo+PiBkZWYKL0NNYXBOYW1lIC9BZG9iZS1JZGVudGl0eS1VQ1MgZGVmCi9DTWFwVHlwZSAyIGRlZgoxIGJlZ2luY29kZXNwYWNlcmFuZ2UKPDAwMDA+IDxGRkZGPgplbmRjb2Rlc3BhY2VyYW5nZQoxIGJlZ2luYmZyYW5nZQo8MDAwMD4gPEZGRkY+IDwwMDAwPgplbmRiZnJhbmdlCmVuZGNtYXAKQ01hcE5hbWUgY3VycmVudGRpY3QgL0NNYXAgZGVmaW5lcmVzb3VyY2UgcG9wCmVuZAplbmQKZW5kc3RyZWFtCmVuZG9iagoxMCAwIG9iago8PC9UeXBlIC9Gb250Ci9TdWJ0eXBlIC9DSURGb250VHlwZTIKL0Jhc2VGb250IC9TVUJBQUIrRGVqYVZ1U2FucwovQ0lEU3lzdGVtSW5mbyAxMSAwIFIKL0ZvbnREZXNjcmlwdG9yIDI0IDAgUgovRFcgNTAwCi9XIFszMiBbMzE4XSAzNCBbNDYwXSA0MCBbMzkwXSA0MSBbMzkwXSA0NCBbMzE4XSA0NSBbMzYxXSA0NiBbMzE4XSA0NyBbMzM3XSA0OCBbNjM2XSA0OSBbNjM2XSA1MCBbNjM2XSA1MSBbNjM2XSA1MiBbNjM2XSA1MyBbNjM2XSA1NCBbNjM2XSA1NSBbNjM2XSA1NiBbNjM2XSA1NyBbNjM2XSA1OCBbMzM3XSA1OSBbMzM3XSA2NCBbMTAwMF0gNjUgWzY4NF0gNjYgWzY4Nl0gNjcgWzY5OF0gNjkgWzYzMl0gNzIgWzc1Ml0gNzMgWzI5NV0gNzUgWzY1Nl0gNzkgWzc4N10gODAgWzYwM10gODMgWzYzNV0gODQgWzYxMV0gODggWzY4NV0gOTAgWzY4NV0gOTcgWzYxM10gOTkgWzU1MF0gMTAwIFs2MzVdIDEwMSBbNjE1XSAxMDIgWzM1Ml0gMTA1IFsyNzhdIDEwNiBbMjc4XSAxMDggWzI3OF0gMTA5IFs5NzRdIDExMSBbNjEyXSAxMTIgWzYzNV0gMTEzIFs2MzVdIDExNCBbNDExXSAxMTUgWzUyMV0gMTE2IFszOTJdIDExNyBbNjM0XSAxMTkgWzgxOF0gMTIwIFs1OTJdIDEyMSBbNTkyXSAxNzEgWzYxMl0gMTg3IFs2MTJdIDMwNSBbMjc4XSA3MjggWzUwMF0gMTA0MCBbNjg0XSAxMDQxIFs2ODZdIDEwNDIgWzY4Nl0gMTA0MyBbNjEwXSAxMDQ0IFs3ODFdIDEwNDUgWzYzMl0gMTA0NiBbMTA3N10gMTA0NyBbNjQxXSAxMDQ4IFs3NDhdIDEwNTAgWzcxMF0gMTA1MyBbNzUyXSAxMDU0IFs3ODddIDEwNTUgWzc1Ml0gMTA1NiBbNjAzXSAxMDU3IFs2OThdIDEwNTggWzYxMV0gMTA2MCBbODYxXSAxMDYyIFs3NzZdIDEwNzEgWzY5NV0gMTA3MiBbNjEzXSAxMDczIFs2MTddIDEwNzQgWzU4OV0gMTA3NSBbNTI1XSAxMDc2IFs2OTFdIDEwNzcgWzYxNV0gMTA3OCBbOTAxXSAxMDc5IFs1MzJdIDEwODAgWzY1MF0gMTA4MSBbNjUwXSAxMDgyIFs2MDRdIDEwODMgWzYzOV0gMTA4NCBbNzU0XSAxMDg1IFs2NTRdIDEwODYgWzYxMl0gMTA4NyBbNjU0XSAxMDg4IFs2MzVdIDEwODkgWzU1MF0gMTA5MCBbNTgzXSAxMDkxIFs1OTJdIDEwOTIgWzg1NV0gMTA5MyBbNTkyXSAxMDk0IFs2ODFdIDEwOTUgWzU5MV0gMTA5NiBbOTE1XSAxMDk3IFs5NDJdIDEwOTggWzcwN10gMTA5OSBbNzkwXSAxMTAwIFs1ODldIDExMDEgWzU0OV0gMTEwMiBbODQyXSAxMTAzIFs2MDJdIDgyMTEgWzUwMF0gMTAwMDMgWzgzOF0gNjU1MzMgWzEwMjVdIF0KL0NJRFRvR0lETWFwIDEyIDAgUgo+PgplbmRvYmoKMTEgMCBvYmoKPDwvUmVnaXN0cnkgKEFkb2JlKQovT3JkZXJpbmcgKFVDUykKL1N1cHBsZW1lbnQgMAo+PgplbmRvYmoKMTIgMCBvYmoKPDwKL0ZpbHRlciAvRmxhdGVEZWNvZGUKL0xlbmd0aCA0MDc+PgpzdHJlYW0KeJztz1dPVkEUBdAdu4hYUMSOilIUsWBvYBcbRYqgYkEF+/9/cnJDjIYHTUi+T2Wt5MzcM2dusidZohWlVv7Ur8rqal+TtVmX9WnIhjRmY5qyKZuzJVvTnG3Z/uN+S3akNTvL166q3509Zd27MN2X/dXelgMLJwdLHfolQXupwzmSjnRWfVe6y3o0x8rak+PpzYmczKmcLn1fzuTsUp/8B879Zn6+Bhn+FhfqHQD+GxfrHYBl5VIu50qu5lr6M5DruVHOblaTW7mdO7mbexks3f1SDxb9/TCP8jhDGc5IRvMkYxnPRCbzNFOZzrM8z4vM5GVe5XXeZDZv8y7vM5f5fMjHfMrnmr4VAAAAAAAAAAAAAAAAAP4tX+odAAAAgJr4Wu8AAAAAAAAAAAAAAAAAAAAAAAAAAAAAAAAAAAAAAAAAAAAAAAAAAAAAAAAAAAAAAAAAAAAAAAAAAAAAAAAAAAAAAAAAAAAAAAAAAAAAAAAAAAAAAAAAAAAAAAAAAAAAAAAAAAAAAAAAAAAAAAAsW9++A2osGLgKZW5kc3RyZWFtCmVuZG9iagoxMyAwIG9iago8PC9UeXBlIC9Gb250Ci9TdWJ0eXBlIC9UeXBlMAovQmFzZUZvbnQgL1NVQkFBQytEZWphVnVTYW5zLUJvbGQKL0VuY29kaW5nIC9JZGVudGl0eS1ICi9EZXNjZW5kYW50Rm9udHMgWzE1IDAgUl0KL1RvVW5pY29kZSAxNCAwIFIKPj4KZW5kb2JqCjE0IDAgb2JqCjw8L0xlbmd0aCAzNDUgPj4Kc3RyZWFtCi9DSURJbml0IC9Qcm9jU2V0IGZpbmRyZXNvdXJjZSBiZWdpbgoxMiBkaWN0IGJlZ2luCmJlZ2luY21hcAovQ0lEU3lzdGVtSW5mbwo8PC9SZWdpc3RyeSAoQWRvYmUpCi9PcmRlcmluZyAoVUNTKQovU3VwcGxlbWVudCAwCj4+IGRlZgovQ01hcE5hbWUgL0Fkb2JlLUlkZW50aXR5LVVDUyBkZWYKL0NNYXBUeXBlIDIgZGVmCjEgYmVnaW5jb2Rlc3BhY2VyYW5nZQo8MDAwMD4gPEZGRkY+CmVuZGNvZGVzcGFjZXJhbmdlCjEgYmVnaW5iZnJhbmdlCjwwMDAwPiA8RkZGRj4gPDAwMDA+CmVuZGJmcmFuZ2UKZW5kY21hcApDTWFwTmFtZSBjdXJyZW50ZGljdCAvQ01hcCBkZWZpbmVyZXNvdXJjZSBwb3AKZW5kCmVuZAplbmRzdHJlYW0KZW5kb2JqCjE1IDAgb2JqCjw8L1R5cGUgL0ZvbnQKL1N1YnR5cGUgL0NJREZvbnRUeXBlMgovQmFzZUZvbnQgL1NVQkFBQytEZWphVnVTYW5zLUJvbGQKL0NJRFN5c3RlbUluZm8gMTYgMCBSCi9Gb250RGVzY3JpcHRvciAyNiAwIFIKL0RXIDUwMAovVyBbMzIgWzM0OF0gNDAgWzQ1N10gNDEgWzQ1N10gNTggWzQwMF0gNjUgWzc3NF0gODAgWzczM10gOTcgWzY3NV0gOTkgWzU5M10gMTAxIFs2NzhdIDExMSBbNjg3XSAxMTIgWzcxNl0gMTIwIFs2NDVdIDEyMSBbNjUyXSAxNzEgWzY0Nl0gMTg3IFs2NDZdIDMwNSBbMzQzXSAxMDQwIFs3NzRdIDEwNDMgWzYzN10gMTA0NCBbODkxXSAxMDQ3IFs3MTBdIDEwNTAgWzgxN10gMTA1NSBbODM3XSAxMDU2IFs3MzNdIDEwNjAgWzk5Ml0gMTA3MiBbNjc1XSAxMDczIFs2OThdIDEwNzQgWzYzM10gMTA3NSBbNTIyXSAxMDc2IFs4MDhdIDEwNzcgWzY3OF0gMTA3OSBbNTgxXSAxMDgwIFs3MDFdIDEwODIgWzY3OV0gMTA4MyBbNzMyXSAxMDg0IFs4MTddIDEwODUgWzY5MV0gMTA4NiBbNjg3XSAxMDg3IFs2OTFdIDEwODggWzcxNl0gMTA4OSBbNTkzXSAxMDkwIFs1ODBdIDEwOTEgWzY1Ml0gMTA5MiBbOTkyXSAxMDkzIFs2NDVdIDEwOTQgWzc0MV0gMTA5NSBbNjg3XSAxMDk5IFs5MDRdIDExMDAgWzYzMl0gMTEwMiBbOTcyXSAxMTAzIFs2NDJdIDY1NTMzIFsxMTEzXSBdCi9DSURUb0dJRE1hcCAxNyAwIFIKPj4KZW5kb2JqCjE2IDAgb2JqCjw8L1JlZ2lzdHJ5IChBZG9iZSkKL09yZGVyaW5nIChVQ1MpCi9TdXBwbGVtZW50IDAKPj4KZW5kb2JqCjE3IDAgb2JqCjw8Ci9GaWx0ZXIgL0ZsYXRlRGVjb2RlCi9MZW5ndGggMjg2Pj4Kc3RyZWFtCnic7c/pTkIxEAbQL+4rKiruihuCivv7P5vNDTGRKNeAQX+ck3Ta6XSaNpnQzFA+m7nanvlP2cLIs4u1ty2VsVzGyhe11awN7aynUXvj5DZq6ptTeMN/sfXXDwBgDM0qbmenmner2Pqo7mV/sDr4pv8wRznOSU5zVrJ2zku8yGWucp1ObtJNL7e5y336ecjjoOspzyW+5PW3vwMAAAAAAAAAAAAAAAAAAAAAAAAAAAAAAAAAAAAAAAAAAAAAAAAAAAAAAAAAAAAAAAAAAAAAAAAAAAAAAAAAAAAAAAAAAAAAAAAAAAAAAAAAAAAAAAAAAAAAAAAAAAAAAAAAAAAAAAAAAAAAAAAAAAAAAAAAAAAAAAAAAAAA/MjbOxs6BWIKZW5kc3RyZWFtCmVuZG9iagoxOCAwIG9iago8PCAvVHlwZSAvUGFnZQovTWVkaWFCb3ggWzAuMDAwIDAuMDAwIDU5NS4yODAgODQxLjg5MF0KL1BhcmVudCAzIDAgUgovQ29udGVudHMgMTkgMCBSCj4+CmVuZG9iagoxOSAwIG9iago8PCAvRmlsdGVyIC9GbGF0ZURlY29kZQovTGVuZ3RoIDIxODIgPj4Kc3RyZWFtCnictVlLc9s2EOaBp546TWY6k0PMXNpkxkFAECBAS6JFKY6blzXT+pbklmkv7aWX/qj+hPy57i4WfGkl2Wl7sCUt8djHt98uwG+00loX4/9//vbNvvDnaxBWdVX8VejiTfGhKD7Bl88g9G4uq6zSZV0E7ZVtmuKPwlllTdMLfi9+OTSvakoaFryFeSzwdaO0MTRvc1tYmFvXhQ9W1bYubj8XL17BLGWK21+L4sPTHx88+1TcvimubsVdXKVq34y1q0tlantSPbBCOztSjwVj9cR5tVYhNOOJLJkZBlJ0k2+0akK1b1j+OC/zXe7zbX6Td/m7rID/LcgW8NvmOt+QbJOvcwfSNjcgW+Uh34H0Mm9pvIOnG5C9hL8LeP4KPgM8CTQGZ1qY2cEYDfMXsF9cFfcocWccC6u+hFHrfMkroHQFc1GbK/hvQbbk0RZX6UMystMHVekg2Il6oPaoixtZgNJXJN3C97dH7FFHIcAARfdXjR8AmgQnAIrDvDcjgFYQMaPnALW1ctZ+LUBH2jFAT6k3wmNULwlG6h0D6GhikkwNS4FzBp4aIXAPIQA3DMsKwq7hW8gdgUOTHGG5zs7hO0JlDSNQsoHQbUl6RbIVh91R2DHEuCKsAWu+g8+3+RUBC0emX4b3xdUQOhsCsWF4d/D3PYy/4HWWJC3yR1mR/Z0/luAJYTRa4Jc7a0RpRd88yF/D9w1Y9AXtxD3zci+VEMi+B/GXO8K4Ang0bgRjFpyCMQyrvR5gXAetSlvNYayNKvXXw3jQLsH4hHo9apN6LBirdxTGw0SWzAxLAS6t8kELAX4y4x4E5gUBCwP1lmC56+FWUmgX2cengPGPzwgGkUEjh60RED3kp/xtGDQRRC5v8p/g/3KyduJ1HPs4P8ufxE8C0Q+kIzA+yDBxPAEeYSQy7qFQMrc6sHID62HyYrVY0uroiZq/byiNUZOKbNyS9mtONUfgb0n/La0Za0j0IwK6oHUN8TalCGicdkk8b2jnllNnAZ/XYoKdCxbWoYFPqabsV6e04uL/qS4IOleGIS2T4Eha4jxrauBcO8xLghPpjMuHphrSGec528zSGSSqKQUP3S2dR1ZxOp8yiyeOzOKJp+wapX20iwVju47xwGgiS2YeSZipYV0tlbPvjpcU7qg2MUMxeyEnqyxk8Jk/IPTXjNiO+CNm1QUhEHOto2wq4HsH+NtSJ4c4w9UfUTZrwGvcYUUMsqKSisyyI9ZZclnbjfIs8kcrZYcrVWXkkraGmR1xgKWilHJ2yn0tl+Q1ZS5qE72y43J3QBcqdS1lkOeeNBBHdDBym1d9f4p7VDxiKIRDdzrtCm8kG6ugaiex+sHeF5k7krBD84oHkiHI7Od9E4F2XOMq2QvUnHneMTc1vY9WxDTkpd7elhCEHnsYMQG/0W6956Pdvo8ki41TjZdY/Z7ePHY+kHw0UT/5x1AlcjT4gmef99UJuf51XyeavjFsaT8cnWohVBHJ1rKC3kHi90DVKVZb9PZz0qIjLu8ItZiTj7hufku2oeVL9vOxehbzdr+ipbqB/jyj/TxILVdKd4/c/nI4ulqr2kjs1PVdxq6PX/Rm1AB7Bse6XxLnXFKOJ2yd90jAZxvGcGQs9CA+v8b1swtBLxe8aqTjd1bGJmiKjgS4a2pPEp2lJNlResxSixoJKb2WDDN8sugbDizubyigjtYuMRxEXrgqNhPPKQQlOcTTGcDBTtEdCMUgmemdMl6iE7TLM8k7XiNStOOyYdmhgayT9YinIMdNEJ0QZieK2J7MfaMFzwxAHWimEZpXCjyMia2Q1Ci62ijXSJQSyKcxmbeg9aqH10B1qbUaUtKRP4xox+CzEuYtCJIltV8jdMDvhaTnoWYmMxGE03pJ1CVQ+3B4NMTAmOkrzq50eJxydYTcjm9IhhoojTrJ6cfqnmR05ZWxEiPcj9NFhxqrXC1ldRUdOj7ZwxY95cwbecfkgkehlKfDkyn9UuMkFENDjrF9KKJLV7TSklG3BvdbWC22JVvC21IoN/KByJUltIhSdsvarFjSHChyHQX3mgARg29I267nLunQQ9wD+RwY/fs+S8xysFROso0LoGCvbRplSimv58VyGiEZLDZAO11J2WdT9lFu9XUzEmNHaR575pg1ybANqTB02W5WuUI/dhoexyQHwWD3pYxLdBpXxEzbME0O1W2/VI3oSDLbVyrUUv7dp4DNy+GLSTE8z2LnEAGxFQJSEN26EffcjetEi+BEVgYp610MpJSvka11Jl8bu54XOsqHNYx6SxfSN3Slscuka+Rdlg4Lk1aZsubQLndtk60NcE6Vcv0/bJOZzqfw3KbLHwb5+CiZKncqNYESpiWGaKF3SJwRj2e403DXuSCugYorWVs5FSop05EdDKw6ZRj2PF1PzdLmoFVqvC/fXlTBqKC9sO8Z2TDuudy0sUwrABhDKAUwPs9mF2Bgv2FMLFMh7mtGYFb0BzzakQfiCxTqTfCIk26bWm5PI2M4gtpLKj7b9ITYIzLPe3p+QW9e2nQHRlmLScPUGjPJc0KGflnMpVbyA/Q2RjvBk7E+bAkPUQEz7iEZRUvadtMf2PdfqLyH+akPxmwV42lgY9/cKRrRvzEGuG7ctSNb7/IKadqpaia1+bWdzuaXdpFcL7h2ji4Is+Fl2HbUl+69kEq2lk7VWnrxdvoicFjFNFbVXsgA9tglFz/NXUrqw1vuMPRBfrkhbGOJfM2xnbef++hKfRKyhTvgsdjypgveqEd/sZy6i4wPk5LFkPNaCxl74PIs8TUVPtJmMSmNwgtMkltKRyxz19T76H+FbGNL5Rup6H2ML7I2dJ0/uhQVXn+ntVwJfRXeiiJ5wZck4JtGp/HKE8ZVDRzmhRqEe56NOp13J3fulwSa0Da+7bNAvU0vgb3/AT2r02cKZW5kc3RyZWFtCmVuZG9iagoyMCAwIG9iago8PCAvVHlwZSAvRm9udERlc2NyaXB0b3IKL0ZsYWdzIDMyCi9Gb250TmFtZSAvU1VCQUFCK0RlamFWdVNhbnMKL1N0ZW1WIDcwCi9Bc2NlbnQgOTI4Ci9DYXBIZWlnaHQgOTI4Ci9EZXNjZW50IC0yMzYKL0ZvbnRCQm94IFstMTAyMSAtNDYzIDE3OTMgMTIzMl0KL0l0YWxpY0FuZ2xlIDAKL0ZvbnRGaWxlMiAyMSAwIFIKPj4KZW5kb2JqCjIxIDAgb2JqCjw8IC9GaWx0ZXIgL0ZsYXRlRGVjb2RlCi9MZW5ndGgxIDE3MTY0Ci9MZW5ndGggMTIxNDEgPj4Kc3RyZWFtCnicxXx5fBRV9u+9t/bqtXrL1tkTkhAkIU0SAhHKKJFNjAqRICAoIKJAAGULCgFJYEBZQthkiWwSQAR0IMGwiGGH0RmCDoqDShAcAzI+HBW6q9+51d0hOv5+n99774+X5nZVdVfde865Z/mec2+DMEJIhjcWqWNGjRiJfpn6L/hkJ7ScMfABMm39B5x/Ay3p2XEjSlH3o4sRwjy0MWPGvTQNdTz5NkJkPFw3jhsxrRSxzROhsyy4P+65F6ePRqM2nofrxxHq+tqLE54dgZDShFD3T+H+k+NHjBuFOpzdi5C6HvpApRMmv4T85YMRKlhPn3/0iYws9OSzHeH6EFz3R5RWMqzun2v+HfW0Jf8nFCsi+nf+aLo3dPz5U28/c4l0CS7plzjQhHFaNEJm7edP7zxmLtE/bfs3Ub+L0T83IhYXwVGFF0epQAkoDXVDD6KeqDfqi4rQADQIDUYj0Gg0Fo1DL6PpaAf6AHcif2fD2Ug2gU1i27GPxtlT7H6f3x/sIRV1gP56ol7Qw6PoiWAPz6Ln0YtoApra2oMVeojWe8gI9eD/xv+1/5L/c/+n/gv+8/6/+T/2n/Of9p/yf+Q/6j/iP+w/5D/oX+R/xS/6nvGme9t7U70p3nbemK+eujgETUb/738EJMOCLHgkgEwlJCMDSMmEzMiCrEhBNmRHDuRELhSGwlEEikRRyI2iUQyKBd7j23bFngOp0S4XIsTsQseYWLQb2ma4Xk+uoJFw/IKAPnBhqBLa19BWQFsLbSS09dAWQ9sGbSG0crj3FrT1MNWV3HRk5V5Bp7gVaDJnRqd4Fp0iQ+C6B5z3Q5PZ83DuQJXsFf8drgzdD20Iew2VsaPRRPh8ItuCJpK/ogyShz4kef4v6FE4gw6wV/XvD9B7mD5wnY4mMIkol7OhXfxCVMw2oG7Q7of71kP7kD7HInSilR5o7NdAg4pGUbrE9SiViwd6vfDdrgCdlD561GkE+imN/BU0nc+B68Vovk7nD6iU3Q/jdwZa5qMXKL1CNipkH0DzOA98Bo29AMdo1I+X4NgtSHs3nfYDlE+2FuVTWvnPoC+gm5sEnx9AK4TH0QFhAdz3NurOPwaf0XFGool8A/DyCXoJ+BnJv489YmeYVWolE5kBKB2NAT0goAOrqa2xTuKCIwufjNZWsKO5zaA3AopUjexdxN/FIjeLsCijsamlE7I2tTS1ZNqVeCU5XokfzSLvZCbKe1VbIZh/+XESnwZ9HGO2k++4C3ofBaqFw6+xqFxkOR5xhBWt3r67bQP67rYPeGpQPSL+I11KvJdox7fzW7IysWrJlFSpSBoulUo10mFJGIqVRBgtUcETtpOk7dwF3wWSTptu+bu1H0kZbwOdzlUt/Cq00mwSEGPjkV02Wy/RUWAQmQ7Sd7dFP0dql5LmrBYlLw/G9LZkYp44HbawxHYku7Mtl5RVzJk7r2ZF9fKVvO1brfu1a1q3q9/j419dxo0tMN5mGG+CPl6sahHoeAJGBhtrFxGMl3/7Xr92j8vmdBAhMceW3Zlshi6rV9TMmzuXt7Vo+Ze/0rp+fxUfu3YNH9X5WO+34Y+QBrYaoRqZ9Wguz7A4AoXz0FXT2UCPuR4nk2i/dX5z+ePaTu0IVuG5kfgymUXmgqyVfWgtYTFirZfO6tOUaY93xo8kUb6rZO5mOsYX8LYLxoB796O5hHbPQr+dUIbed+IX589rGtURfwHZq8/ffaoDRWKCSSSDmAKyAZWzBGEmo1Fn8nZLZt8nBglW7gZtJQnYgxOJuN33C0zSr+MC/qfSf4VdzN0CvxOGElU7X2NDNcaltkXhktsSw7idUeFAwW06/c23W6w3M3ECUaw2T5ZNsZKULKRYUWICfScL165bB//WrbuLJe3nu3e1n7HEFWnntLPQzsHQHtwZe2q0yVqFVqlNxq/j6XgGfp3y/TVo+GDgB6ZedRYwNSyp4coFVCOJsbybQbHYYG0Kagem2tHSGBBK1m2q6sAisPa+hbGwZGhuvMJlJ3sUkKyG+2ir8ajTuI9383Z2cq+6XncubNfncgWM1wd4dqP1akpEZBQT7lY4FikcxxZY31KWm2ocS1lUA+YnEyy7w6wMH02twglW4RrwVN/dDt00GKq1YHNHjii2vCA9bUTO3cC73VYlLA+oU7MGssVcsTCDncFNiaqMEFjERkA8iuLcL6Ep/MuRk6Necs9BFRFzIudEzXFvQ9uilKFoaDKwkZ2Dcrvj7M7tEhN4Ibs79mSxTgcv8AgvIB96+4EgPSMeebvi6fPTZjQNuo4dPZ+K0G5v3759Kl7addzK3lNXFDx4tlPW9aNDtpRGa9/r/K+FOZ8M/KeiUrUjctrlCim2Is5e4zTVSFW8uyauKnEpv8i5Kc3ltiPGEeFuF2d1M45YiU+jYnANCElA0iUAIgCzCtNVrqX5dnOL9dubVv0FcgGHIY2MGRE7Im5kPIuG4hjsdLDxCe1SsmOAlRzgKx1nB05+wyDTY+km7RPt+rATYwecHHfoRP2WXfuq129a9cShSZNPlXyLjW8wybGNS778MTn5o05ZKxa/Vr11aunksqR278fF/XXvzB1Ut0fCPG8GvSLgDcrVaGxiTIhhTAWIMQg1HGbKJWyUkZsXWaPuiwzAmElnzEgZa8pvbMlS6Mw2N4HrA170qWVPwfSeopPa3oDaA+woAagxFf0JCS6cjtrhdCYH98ePGh81FePR+GU8g5mHTTCZEo5nPAqYMXWX2QyvEaxlaxcunPIN45K9V5hzXs82rQYP/yjob66wI4H2aDRMTWQjBaXCGh1ZIzhqrAtMpAaVmxYJm2PC3Fhm3Ei28jFWL247M9Y2HtVKbQYmydp4k5oxtWOYIK0xMD/UCSlU6sjpQL+ZGDofXzIRvpoOgzrcwUlak/bDsI/GDD7ywjunT7/z2FsDuAvbtWUWi3bzn//SfoqLO9Mpc9/atfuS2ul+ZTHQv0L3K0lokJpk55GpwohqXHyN27XFWmNckLDUvSjZmCC5I2LsbiY+NioZHA0oUrPuapq9zfdUSHWcQWfwOXKOOcee4c7wwPneGDIUD8UJvNPhClCLnR1xYgJhQqwkxlG3FJ/lIpvnb9gwHxqW+r3Z7+R5S7e9L3yNOe3WN5pPu4mLcFS/N5luBza+9cEHb208QKbXJbXTftR+eHKo9sP332r/1B3VM3hLDNLnZRvo1BiYFx49q4ZzCmEIo7DgNziYE4ZjMDh4XrB6zzbqcSbjP1wwnaRBByHw0uAgIAHmScntUqLaBhHMM5FcHteLe47ZjXbzAugMTA5OxPHbmCO+b85jzefhLhTfKedoaAXvvxBkvFCXcSLKQA+qyeEg4RS+Jua+GtvSmEUpmzLDjUnt3c4kt0UCTw7u3BIflWn1NrbcbmzRhRuyWf0qD4y1jUCTO4LXSfJkuai70c02MSEpu3OOPXQD6AdZuGTLliVLtm7RtsxZivz/uKwtLV+2Sfv555+1nzf3Wjp3TlXVnLlLybE1lZVr3qyoXFMct3f2e5988t7svXEJxxdfvH794uLjeMRLc+a8BE3Xm3LgqRJ4Ctf1JlGIjcAVKKJG3sLWoAWu2BrrUteiZMHtjrfHoIQEt0lXG2AgFKG+1X4KaY2rMeJo5JGoI+4j0UdjGmOF7bYG23c2BvQmV9dxm90MGoOyOyNPQFcS2uEQYyCFr/ut7Qva0nXvi19pd7H1G8xgRdujXe23FncPalQs6Ao2YVvxEGz5/lvs0oPbBu2pGLIypE+Up1ugOB+xiTrecqtmfi67FcI7OCAWhQPcAt9Co8ftQJCnHuLW+fM01LOJmi4THXvoz0soWbUDmhDWs3PRVlkQORwBnch6JzoMafbSKG0PdKSjkfMUj0BXvosBTAIxX1srTOQ2gt70Q9VqVriRkWojnFFMbT9LZ49lZ2ZtrnNnUm3ug494OsdEolQbH25MjUyPSe1tS2+f2rvD/Y9YL7XAMGA++cd1WVMtamqkH91oOm49djMLXA3oVibqu1sCl2SkMdNK3+yh6HkQPeI/AhbwCLzUgAVIlv6x/TP69+jPgmG30TFMZ6kdKB6oYli2R9GDYUq7JOqeAtDQxcLNuWE8VdCUAEzMAcVlw0BrrYBp77wxs+z1JTOmLybx+W8+t/Ozv+94bm23xcu29FDHaBd2l30zfN2eyeOex4515b+OGfyKdnFVvVY3e3bF/FfL8eMHm/ALZX0f1Y5q10nE4k2b31i0ZbPW65Hev548eadvv7m+ONflPS80FM1d+IA6Wvvzhxu0f44dM+7JxyaMeG7uK6/g3gf34T6vzKrcVfPMt2Xar9onPNJRPeLG6HFJRkfVB5ACoJBjCcUfWJEZGSmQFzKyAKCEpx9KCiOL9AuIXEI1jVucJAo8yxCMJE4GdNQYRp1NfnNTSyhK6QCk9SDeCLkgel6SsDfOiPFQtcCCLcQiWEQLZM1TUClahCQBi4RnJNaFI0gxHkSKjM/hMWQankJmMpPYqcI0sRLPJ7ONq8hqZgUbFghsFFky8UwiadBukmSt7CrJ+9t839PzL3BmXwSz6046nqWV6z7rFPjPFuBdhOw2DnxWYgSqlqVqWzmult+JVQwisUfEcsjsdnER7o4SctvYeLDwLEDZOsbQgVYLdVh5mXstCcAFVuIDqtJ6khzf1mnF4yr80KZ16zZpDTh9+dKlyzUDYa/dmT2zeot2667vOjnl+7Jy4aJ5ZLTWfcKkiaVbj+xZsNERd2bVyc9BQSf7r3Ap4I8iUI4aaXrLvEuuVvBbaBdbHbZUWRQpRJhQpsMaSUkMuiBK279vZr5viYqNIkAejUvBWJST6zS3Xri4lNHX5viRdgtbMZpzbfTYG69p72gzcAV+ouIG98yFp4dpJ7S/axe1E8OePt+rF96AYSbwhof1OETluBDkaEAdVSdfzZJqSOGq2XdkDksCYALWSElqamxslVfm3lgTiEuP98F2itntiyQnfHnkF293Gs4Lt/uubA/1z3XT+++gOsRq8g6kiDIPPXNdJBzq3qt7rvxmOMncW6T3DtBb8QQSwlOnyT9On/YlnIaUcC0ZeSedjhTsG1fp+UvH/ehdQrtjKbC0UrSCdISv5zxYNWVyKlfEDecWcxs4nvYOvUJ/d9JDNI7V84Yf1FRR4XhOUHie0wOybk0FIkcYBr0r8RxmeZEOZAiIRYd14DPDQqCujYGw1EBEhhrIMgfBLJFEF0nlUsVcksN1Fh8mhdyD4kDyHJlCpnJzyXxusbicvCleI06wG07io5gIgQNrFcKZVC6dby/ksDlcDp8tZBofYFS2J6fyqqAan2GGA5J4TpjKlRoXMgu5N/jFwmLjGmYdv07Yx/xZOMYcEz5jPhWuM9+x17l/8j8zv3C/8h2GTkRDJ4IgcDy1O13K6zHri2IitX/7PFTWC8hUXy/vFfKxr1Mgx6M6fLFNjldtQ9WBHC/C4mEinFaa43nb5nhUQz16dpcS0Fb9nUm5pPkwc+kSxpr/Eu6Kp2nztePaMa0ST+f6aXXaVe1brQ73wpE4CvfarD2lrafREG8G/AQISqeF6u3ruv3bUVc1HFdbUbVUbrPKImERF2HqoSC3xDoC2qWEBTAUZHmqweKMdfZwPu1818lRo/e02jqkC2w6SAJXaa+vWfO61gWfvEspvKud5jJ8Hy+rrFi29coXX37j2wY6Q/PdjSCLFPSqmm8yErOBxMTGiBIRZBIbG1MgG2JiWSdGzrccy8OrFbYaLU8GQ0+NkQ2xUQJKiIow3ydEOBJSrZcaQWbNNPrp8U9PfMDwrceVkFKZb8Bp8AAqZUkDldoXm5aR9mgaE/ALOtCI/YOkKAOH0Bfba/LZp7e8N3XrjG8+077Uro39YXZZy6R3GirXlH1zGof99Pzn3OZjuTmzpzw7KjYi/eK+i19lZnzSs3D+q+Nnxobfd2TH8WYA5Nh/B+ROaz4C6gMIhHoLFqvgJ1ROtDYB2tblnJUJ+FSm+FTU8amIxBA+tSMpFlmxlcQKVkmVSqUNkjSUoX4EbJ1nf/DdPOO7CS7kzgVOt837W/3HaJU3sTySjRCmLoE/en82miWToTCybpnUCjP77i4oGqQ6dPOVFNkg6zaMFXicE6wtrf9UB3wlIFFiBcRJLI+JzPDYAn8ldo+E4V8i/MPlF/Fk/PJFLY6gi9oQreRz4gyWpTzeX0iZbx4TTWkcAjTGAo0SWqJGMYogCiIF9AUiSIep5kQG4QIW8TLNDSmOkfXUig+k/c0BgN/yHwhfVTkCti+kkXZCF6EXeVjoJUocYxCRwcVEilZDhiGbyRN7GB5m+oiPGgYyJeJo5nlxgmEqM02cZdhgcAWBP03+cfxkttpbxJy4ez+z2/scd2HN3Qnb17BLdVsqA12+jy0D/5eMGtSUiFhDmGRGtWF8vVmJq4g94K5PrFMWhRlRGBNukkRDLCM6erYD0zrb1JKVFaC/sfm2F4z+uJ4NKHkUN4/PjM6MyYzNjMuMz0zokaJGqzFqrBqnxqsJRdFFMUWxRXFF8UUJRSmlKfOiK2MqYyvjKuPnJSxJqUm5lRITejT0UOiB4THDY4fHDY8vjSmNLY0rjZ8dMzt2dtzs+PC2edz9OFdJzG4FfPFtqwIucujyzvIJq+vr6no0zN95xncXk7dXDt83YNShwf/rFvGMLntm8sX30/r5yrePHvHhxoNHbLMWduy4PSXFS+d6ov8Kcw1kFYF6qFGoAs9nzRWm+XK9wtaH1dFAbjOhXo6eEMibQ4Hcqt2+af3pJnU9Udao2VFLomqiONzGcD3BgJ4QDOjMtf7rit47fvy9onX9H9ky1Kd9iu/D/MCNbPbO9PQr585dSU/fnpSEuwOiteGuifocAl3sYN4BmNCNuqgRkfXI7KjnxEXmOrySCWORSB5WbIae0XoVLktPFJpp9tZ4M3Pf8JjZMTUxjO4Ng2IjuuN2tcXPzMa6uq57Zp7xI/+ZmXt8J95etmzbtmXL3mb2kWG/tmwbOQI/hEV4PTRCc565du0MtCBds0BeDhSFStUk5MRShTifc9Zirt6IPwivt9UZF7mjnER0iqgvsVl6unUSG/VaGBVfIIG/HcjF0npEl0bXRH8SfSua64F64B6kh7NHFNdByBAzpA7yBDQBTyATnBOipKETqYjjdUd4Dy5BMBJ0sQvsLO9e47n9Y0888+wnL2i3tRM4zfsNFurIlvlr6s1k2OBDJzp33tW+A+6CZWzHD2pfNq58f9d6qgMZIPBfQNZ2VKK6OSs2irU8rkQrzXyDTOyQjEucaLIY+jkoGJEpGDFQMNJ3t1k/p3af3+jNb2zUM54MCnusN7NsNG/epzqLnDVO6taByGgccIyJ2R6qxuSX3c8+gjO0v9bv3r3rIO9YXTTm2cXeDOavi/t/sANk/SEQNx3oovlhOnjnQ+we1AD5ociiwtb8EBI70ERra+2d08GWni5+WAd/7PC7NbzjO2DR/4VWrPdnQBb0kOo2EAGZDxmFSu4gajDusYpWjn/UhEUjKrTqvTfn2e7VAWhAowMpqlKkDFdKlcBADj5YpwsMuOnPhZ2e76ePuujTI2tHrOZTv9Nx4z1eEvajlQSLqLC1hq2arEE4V8rd4vgAA0A87/i1hT4LybIQDTqXgAar7XibFG5BfLTgNFZGxzF1UQ0RVgEpFlHkixTRUuQOFyMLE3Wc4AWkoFdg8/Obb+tFOxuEYNWemVSUVJq0JKkGXoeTLif5kyTQLd2XOEFygUS/7YnHqX/JpvU8MufdQ/WTXl68tX7S1Ne31tf32D19xg5mwcwpP33jG0LWv7X20GZfJVm/8c3Dm3yV7PBdzz0zE7Xa88vAA8VafQBr1dtQvbGOYi2b5THG5uz5u3q6mtgjogyV8bOEWeIsaZY8y1BmnGWaZZ5lmWWdpZTZaiJuRSi/rXT9puw+efnOHdVVO3dW3cI27eatf2k/YIW5fO3UqWvXT574bq12UmvRboCR5IEtOHAXncYDWjG7GWikPqe7GhXyOXXmRfgg0xAN/uZh3fMUUq+TlRWgtjnkdlQp4He+ioFEPblVakANAbeNQ+UToBVPrq/vuqfsLPL7z5btIV3A87xN2zbfLl7ePnKE1qD9Aq+GEfj7kOMJyBDoG6zLUKePqTdapPpwZ51lUdTBiIbocCMvRj6MbLY2XjFE3/Hf0fcfhYSgg6SFhEScEfKFZPI9D9m1ro5kBOnx7WrjHkdu//XfKKinTB+gT0GZqoM3gFYamEpzndQgyDxApkIbLbHpNgv+sOksdYDvF9k32Gk2GIgd93QtjOkT27vD2rdBUgfm2Tu6mfdtyplDvr2gU6Of5Th9vAkQu07AeCnoWhCzPhGErE/cg6wQ0xawjgrngnAa05Lr7mHWx6NEsyA6EnqmUrqafoNZIcj9RIOc7beYNQRZUQrNgsa5ZbfBbewIjrqDoYOxm9RN7mboZjTEoTicRFLlVEN7e4Yjw9nelRqTGpsWlxaflFIhVxgqjBUmG+WAEF7mDYyRMTFmxsJYmQgmkoli3Gy0lJKR1iPt6bRZabPTlqTVpN1KCwf0M/H34JhP/E9wTOtBzML+2wYvWPDM8h6NW37+++CPXhx9fMScRaN2qDtWffWX0e+zPXalpg4YoPaON7dfvWDtvsTEQ9nZJY/1LUq2JFXPWb8zWNPNBaX7kVsPcQEisJkTLUwtUnCDWCkbQMpgCVabuRCCgu78s4KwL7A4kJe5911noAgBHt/h6kb9f7ts6vkVPBWXafP6Tj548MLGykpuvXZ0sa9mQf81G/5Ghi/G3QO6vgv8xSCYW7rO3011MxJizJivNCuLZNzgqDMCbnMY+hNwo06q7HkBvWrOAmXXvdz7E5xHnKBYdoAAAV1vxQLt8K66mTOr36mre3DPyx+exB/jA2Srb8SGDYc2k7K7NTtHP3uL2Ub5L0aIz2aHIyP+Xu3NDQQILkvsQFliBgISJwMxMRhknsJjDlC5KApEYYgR7lYQMhbIkGLzDDpsEI0GWRJ5jpalwCZMdM1OBtSs0JqfrbX6Z9BBtJ7lY1oa1Jdc9PIg/ZjG2LNhweS8NTsPlbDEG/fOWytbFHL7OeIiLi5BzpZ7k95coazKT5GnuIFykTyejOdGy9PJLDKdm8VVktVkFbdcbiAN3F/ICeZjLpojEsOzBk4WDRIcjE4SwbjYSC5KjJIcBqcxGSXjRJLCxLPJXAKfICSLKVKSHG9INOYxkNmLecZMcyHpxRSyKlsQyO3Fh6SH5IcMqlk1F6NiXEyK2Me4x/nHhSLxCWmAPNDwLBqJR5GxzCh2LDeWHyuMl0YYnjNOML+MXsbTySvMNPYVbgY/i58hzBKmidOlWVKZPMXwirGSVhvMK9FKvJxUMWvZN7lV/CphtahmrDBuMG9FW/FmspnZwe7gavlaYYe42fiu+c9kD3OQ/YCrkw6bG8lHzFn2NDedphieKEz/4UQDTiyu+/bqxW+v1mlfXPzXjxfZ4d4VzFja7tYwK7xjQUe6Qf44HXTEgB9UCzmFF3hWYViBHiBRI5hRCEy7AnfKiiRjejDIoDKSAgpTIAssZkV0mGZG+hkReWNIQSyt5WElkGAFQJdjwL1kq1EJ+13B5vcq8dtrqhOrZJaVI1mn3E6+n+0kD2SfFAbJo+UpeAY7RXhJfp2dI69mN7ArhWXyEnkrrmXfZbcIm+Qa2S0zLAc2YIhknJxTijSkMe24ZKm9Ic7UFecxuVxnIUfKM2SaejOFXE+pj0E1lcAsl5AS5kmumC8RisViqcRQZJpgmoZnmd7Ey4UdeLOw2/Sx6bLJb8qgJVOSqKeqkLCyI7UX8PaL2gHtwEX8njbpIk7Daexw32Xfh7hO60X6EJc2ES/Wc2qIi7NgDix4ofqgIBJJQRYqZoQsZsWCLCbFaEL0YDaB4RoVMNsCk0GyIgNXyRw0GxqsZpNRlsBaRQtrMVhDEyDqYje0EbshsLCrS90KzqYlmBv+V9bI3QjLojK/xSNO5CXG5JLDTFZToinb1Ft+VO5vGiwNlsfKlabZpiqTTUZABFiawWywhGEnsbJWLkx2GBzGSHOkJQUlQVSJY+O4NDFVSpaTDEnGFFN7c3tLnJKLsnE2yWQzuS5yjiHH2MWUZ86zZCoPIBWrRGVUVg1aYIHUU37Y1Nvc26IqA9Bj+DEykClii2B+BsL8PCk9CVY40FhiLrEUKaPxaDJGft78vGW4UiZOM0+zLEB/kuYZ5hkXmBaYF1hWS9WGauMa8xrLZsNm4w7zDstu5WPlsuJXRsFccmYcgMY9MJ1PD6nqv3xm1Yv9BnjitW4f4WF42EdjTs5Y06tiANvfu5x5MeD316PX2WQ2EZTdhCrU3sx1WrO8jglHDwzhEY+vg1uWrxuMBum6KBnpQZZMgkm8LgimAokY2GsC2mqWjBwRGDSBk4UJxvFmq9eb30QjUyAPo3t28trUOEPzxt74/TVMn1PCTpxtDxzYZO08vk9LTwwc2MTDkGzdPow3Po43tp4GePkQeOl1jxfjdZMRIojhugz0XgcfYAQmwAtw13mIFYS9zgB/10GfOWAaPEWBkZMZnRejiDkkTpAFPIFBpcBLvrcpv8X2B7z8MQ+h65IEO2VBwsmBw4f4gpYOXJzHe0NnbKI27HFt2GFsxMbD906D/EAOAzGZ7s3roBrYOnSYsDST4SAE69G/OVNVWLYz+xBr5VW+iB/Ol/JiIJ+xQ0IzhCZj0AHweIJLY/L4XiCZJ1Wz4RYroPfMoIC4mG5HamkK7KtqagkslQ06iMz6spgZXoFlMUT9Yxv3eJB+E7gjWJqzewK5skeP+SemGEY8WTzcNEVev3Tper5X3759+i1esgQiq7/NulNYay02sBbjRB1VY5iEIqwdWYPbyboo8AfwerYTUo2Game5g602vsNVO2i9i+4rojA/nq632OlKgl6CTcMKG6avsjy0ad2LPivufxdbtV81r+863r+w0vdlJbttq6Z+/o8vP4cxKT2h8QkKb13ToPV8fY8VW43LkUBYN2Z5UOqzjYHVdH1rj3KKecuXplcbKR+jtMPcF3ptMwx1Vi3EbbZXR1jDGLfJUR0WrovZ2nQWMl3gxsBUm8ptLgsKo8xkZZ0FNjPpTjmnleG5nFxbBG5dwFDwebJciyoN0/ZUtBvBTNu+/e4/tm9ny5s0k/bnh9J7TMOdSTsceeeC5sQPaIfx90GeFuo8Reo8pSIkToFrO1qlGkS6DCFhtxE5rJfyA+sQoE+qUmAyWu2ixBHRxqB3LTIPqWwr/lFdgsKLCq130rUNonCiJLHwEqz5+ewN6oNF6w3OeqMEq3bI681YsGDeijkFszbMIGvvrvdeSBXtxMqZRKNkzQ+8MEDVQOUUWA6EJcz88zTZ/pPvMnnovGbXtNOaptnPk4d8l38idIdfDPnG9553GoO17zQX/icO8/qZ+eQRX4zOM62xr9H3F/VQjVGxEUx7V4SUbKW7h7KaWs42ealauSKro4zWtyy77NXG5Lfa7UqoRkuNi9KCK2i0gVXgwGan0O6D/3rTEOn9b9zljblLN2nrbs7Qmjusrp3Z8En9R2eb3lu/6XjFkHMTW7hbdFtQfGzjkm+/K3B/UpK+pDq4Zyj8kWOpCaH1JI9eD56uxjCKJIkiWDlTIDIS/y4B+dOFtRzBzbOyvmASqKD+zsPqq0exBpo3ZeaIXZhe4sPM8+JoZjZdsZUkJxspFbK9pSfZQdIo9nlpujSP/ZNUza6RNhisEE3oHOgaiDlPo2+sdquRrKDrXezXd2O5C3dj2a9R6/pchV5fL7mnV62rfgG1MhRQlWJBo2T+Hnb6n6tTcJVJV4xTp8nfMOM7TJ6+5Luj/XA6qAR7vdMDShC0Z73mT1CUbt+hdSeCYn6zpiigWNXKVgvlhJdYulbpFui2UzBTWifKp+4laIBct8D64Z10Lv3OBeo2Qn7jdX2c2NZxUvRxIuh161oH0XdIM2g6BNKx+p4dEzxxv6rEW+WISDNyuqNNLiZCscbRwfPzvfn5Ogmq2YSqwxzO8liBq442x2ZQW7XevqTvfzWDLrrCPIFdCEwSLcIkZ3ucLD3hnImM6eK33148c7G5+eIZ7SOtFj+J7z+D78cDtR3aR2fYjY6zx46dcTjOHDt21uG1hgF0kOB1X9jChWHaBe0n7WftQtheKivwaVf1+U1TIQmsRrwbtI/oE9zUkq+bkMiTcoMIjhIc2dnb+ZlptA5MdQf8F9ft7ht0/XU7mCtdk6FOivrK+SCb47rPdyFVNYSzDs6toAjJFGZtosUBWvxWjQV8tbVcclYz79glOiHBraT7nYrsAngv0UUZa0sJra6A60wA3WuXlN05KU2fN4zfrF6Gu2rHl1VrN/CqkX6EIUMg7GntR20KmzK3ktjm3S0mr0fWfvaXr+6kk6m+BYF5Da1nEJSkx6dSWoPmc1E0SkNdVbPdkd4zxcY85o63ST3bByJUS1Mj9Z+uWmVl+6R6PqZecqM6flF7cCN5eXRXE1WmUL2MSWmX3Tk3JymZbhYBFynAW05Ym8oaeSVURfu3wHNdn8LdsDgjx9Ppvjuv9jthF+acDxbb2LLWulomdl+dmlYzpb6GYGWZAytSh5dXd5m6NlSBo/p3AGTeHXB7YM9Dhmoy21wJnM2NJNFWqO9uoF5Rj06oVo6Tam0NuDYuI+QD7+1v8Pzn/gY+MR5Pwvyrr732qnbnxzGvvTZGK8b7jjW9OHbWomufanmE1RY/PXjwMHxKO/1Enz6PVi2Z99x0S/iqSSs2t9ayPgHaIObug2gr4kIabekO5ffZWtzQJuYeYFy+TezwKq+Hzs0L2lUuGp7jQY9ozBVNttpwi4sRjfZaV1gw5jaGYm6tsUFxmpGr1v67mCtAyM1RstuE3A8g33llivb3p1KfIT9VVXlfqqpiui7SRl7KSR14Htc2eT3a4zhKu4p36ToTWqcgKEXnpxBs/Qegq228Ff/7eNvw/yneYgH4TQnG2x778XefauPx2WNa5Qf7P9Aqj+Gz2vhP8XeQCv5IzNpjvkdJzimtCo875TtN9uB3fT/q/M7zX2FOsjMh1vZXDRG2du2tNsYZJ6dZL9F9uQGtcsVVxM6ni4FpjlpnmlQhzzfV8xBqb3t3G/s+NsgbdbuEatpvrjNxMOj+tzt1qRqSozP/pGk3i2oHP7x96MraFQuWv/lS5cKpD7814pnt/RqvTCNDwpe9+M4+t3tHcnLp4EEvrCopVIdERr8dHr7u9aHlQR3UawsS4AWnHm0bCGcopPFWRILIF8q604O5awlsNwnEW1W+F6MDy8MlevRMpNGTnb7f19yyn0RRKM7M9b7CDvfOYsp1ndHH4x0ogVa+wD67ojX+s0E6ltIaR5uYCqj/j2Nqw/99TA1N/oH9RPhGG4Cv/EWbfGx/cKIf9T1Gsk9qVUBPP6BnMs33UZIqK4WyKBhEHkPa3hQIlfsNtTx4CgQumi5De7KDtpSoWxbfb1+Xh8hPdVrZoGGr3a/uwcf2gyTOTdCKjn6MQrbPPUrrfugR1VUgC4QRgS+JN5oLBZGVgXUTsH4pEJVpuTPIrI0ooizpC+YEAKMi6wHhhhXQzw2R8ki3pugzAfNxAJtwd9wDG+q1M3Xa6Xpg00ZuAiW7fSnkorcoKPdyXe4pqkOqJSxqEAymQpEVuXsTcEkPTXT2L9HfbtzbZnSgngysr/ftgJ61XHzqbg1hfd5W3/Cy7hvuC/GrjxPAH7VCA+EZUSpErCgU/jH+YMsDHVPBeT3waEB/gusnBHUMjaOvLROUrI+TD+OM08dx75MwI/JItF5q0p3qnxmhFjVw+l4Le3D3RD7bSSv4s1ag+1bmXGCMUK2HoBxdR0u1Yv45fa9TKvKgAlXJ7plmizfyEWJKx0i6FtL5dxjG1kGsj3HWRazs3ImpT7IsMhzsDKiaApnmwA95aNDLVfSFESW4MmKjCxKKR98Obgus56Qo+oqOoOgLOhlLy56ZNOmZsqX4q7y5T7z93XdvPzE3r/7eKf4qdAPJ+P7ENuLYduJuPskb1h9nYzu87u83jM7OsH4AjW7A60z/Yb4TzEW41dey7QTlO1RnJCg7MGcQZxy6bqRSHFTLg0dgRKLrRFN+C8VB+3nSADCo9o9gEFvuzaP6UVUF9u+hk6g93vobEAT9KqibqpBak0VoQPZCbBGtoijY9Pil61szxObdaDdJ7L3btNuS2PvxQXuIqc5/ZDcJ61KSScEPgApaew+jUMijML202tWjh9R1zh6D0+rwZ08X12G39tPL3brhf9+tabU7fpXOU5pqMhUSkZFFA/VzOlPegG3LhG9AYi1Hf1aSn0/DZYApaCyHP6+/k1CPL9ZXMefu1gRYQyF5Cem6z8hSLYqpFqzYwIu6yKyB3gNCU2VeJg0WY1BuVHBtJBeUHr8qMAoMd0+AISES1B38R0fdfzhpnSSsp93GmA2iKLusjZcoqNGDv1hraBDMtUZLrZBBUYGOyFw6clHiwVtx8UGAw0z89BpAli5aNUnCgvYrFl6dO5es3LRt22bmXJWWWxVAMijkw7k3weYSUR6boKPFsYG1zVasZUfJqsHZE9ksnAGs3BHAWVS0bK1BauAoFmlualPKgLgcHySMmTEX4BTAqrk+tR6bdbrycL/Bw4AEZryWS2kKyDtk++HgQyVOtNl7CWYUAWjj7G26VKOG0W0mhvAKNJ/Uu4Ra/gNDvbXOtShCz3NvBreY7BEMvfcQvnfRoPcEXtU1K1ffXQLyoQthQnZOaIt6ysT166r+ZvedJFnGDSfWvLVuK+bxfdoXmv9g1YXiHZ9XPX+5eGchmNe/AG0f7RWoZ/mv8P309dQYwNGWuJ6SzcbYwo0R0aK7MFaXS37A+alWVG+pi+LrnYuiImpj3A1RGc36lOmz1vbXFjk2TwhWp9BftHgUtk8QHfsm2n+9FQLSv0qf1NXdW5DWjh4CcwiB546/+H4Gr/0A0PgSzFuCPm8ulK9KDk5UkO1eVqJHXr7W2iA5axmakzT9NzlJN3DfNCcJrBLqGzEwnjF76i+/TJ0Ns1r80prPLuJ99Ve1fUz0E8PwiCHexfj7yAWLN751twZf1FKQ/ru975i1ZDp4Xus+Uou+YzHKOB784SD92R7TxXuSTF9CdQB70HHuSU5GbrjICqNuFdlzdHAkIMwngocIJB74WIojVTGZccQP3SvjXPHaq9q+sId7mRI6di5MJ2+o0xz4KHb1MkrmNC3T503iLX9andI+JZz6/xj/ANEl9NP3iLRHSGKdnuwUYC8XXj0wvAVhmTMEyyyQqUZjNpLxelkvy6w4w/O8aA/rMGhIQtLluuc+HDbivUdfnOvJGzy4i9BPv8Xr26VpVWWd850RkbHpxYPVnv02HO2S1/Bg4fiSTsOyS4rnjFrT+nPjh9q03cB3HLRp0Oj5JVA6FloRtCYgHu5hoXEdoNGi9jaEhNkIASxH4lfAy/vQbiMkwz2GRoSMRxAylSJkFqGNgQafWeBea2do8J2iImTrAg36sQNGcsB3Trh2foKQC+4Pg/gbBuOGQxYZDi43HOiJgGMk9B/ZjFDUa9BgvOgB0OCZGDjGAe3xgBoSTyKUtByh5JHQgJd20Fc7GKPdWWjQT4oDGvSVAt+lggtIG4JQe6Cz/VpoO6E1IJQOvKfDfekwfjrQnA48dwCaO8DzHVoQug/47Qiy6Qi5eIYVGsguE46ZQHMnoLET9NkJ7suCcbPgMw/IzQN0eIBuD9DmgXE90KfnF4Q6g/w630IoGyw9G+SUA33lLEIoF2jKhfNc0NAuQEOXvyOUB7LJg+fzfqH/YwDMm4AG01/msxLMWaaOMug5Ri64CpwTBAlh8JyBz/sHz1k4Hxk851A4nhE855EDL0MPogmoFE1Hk9Dz6Dk0Bmw7DlDLs5DFx6EslAkvD5w9A3fEoQK45yU0GdokNAqNQONQB/i0NxoP93eEswfQi/CKQ4+39jVZvxoFx1HwzBR4Hwl3yv+DUXNaRx0AI02BscbCM+PhbkrHCHjm/2zEh+BsLDxXjF6GO56Fe0fovY3SnxihcxQHvYyH91K45xno93m4Lw6enwCjj9C/+30/T+i9TAaKJsDrhf/i2z/+tFincDL0O0EfNQvo9KDc39wdupcJGLL/VdCCP/rDrBkvof9PA+fhVsNlTODIfIZGExtYtoFnGJElhL2Gxvv/hnx+OWl4GovijEWje45EKorz+3mH5sBrhHH4yv8GmtmzPAplbmRzdHJlYW0KZW5kb2JqCjIyIDAgb2JqCjw8IC9UeXBlIC9Gb250RGVzY3JpcHRvcgovRmxhZ3MgMzIKL0ZvbnROYW1lIC9TVUJBQUMrRGVqYVZ1U2Fucy1Cb2xkCi9TdGVtViAxMjAKL0FzY2VudCA5MjgKL0NhcEhlaWdodCA5MjgKL0Rlc2NlbnQgLTIzNgovRm9udEJCb3ggWy0xMDY5IC00MTUgMTk3NSAxMTc0XQovSXRhbGljQW5nbGUgMAovRm9udEZpbGUyIDIzIDAgUgo+PgplbmRvYmoKMjMgMCBvYmoKPDwgL0ZpbHRlciAvRmxhdGVEZWNvZGUKL0xlbmd0aDEgNzgyMgovTGVuZ3RoIDU2MjUgPj4Kc3RyZWFtCnicnVkJeFRFtj5Vt+7a2+0tCZBOd2clIKbpbAYCtGFRFgEREcRo2CIge0AHEAlvFJcRAZGwCy0MoiIgQXBBgfniMoAPnhN0HECYMcww2oDPL+KS7so793YCON/M982brq57695bderUOaf++uteIACg4YFBaPKkcRPhyYOj8c5OzCWT8QbY92/H8l8wZ0+YPm4W+NbcBEAkzDdNnj73V+C/8zgADePzxunjfjULpNpuAAI+h8CD0+ZXQ9qHBXidC5DGps2cMA7gyBmATl3w+R9njJs+CQpG4b10ijIyZs2smQutS+4FyAgY7YfdVRCG0ctX43UEr4eCoSu9/635LxRsesBR/j34FTB+f/hd15/azz/Mie9yfKJOwrrGQ5LM8nTuA9CDP8z5Kez4xLx746/YrCWY963AiAfPRRBAm3jwmA894FYYDuNgAkyCWTAfXoN3SXemMw9LZR1ZgGWzYnYLu40NYcNaE62thu7Q+RetZsKvrrVym6382CrESlkPNpgNNVq1/qX1dOux1g9aD7S+3Lq99betG1tXt05svZufj9M4tPCWeMuPLd+3fN3y95aLLRdamqAU/rMfxZEyEEECGW2kggYWHLUN7OAAHZzgAjeO2wspkApp0AE6Qqcbm7NPoNoU83v06w7Yg3mbUAgXpO6giWfhoFgNo9n7MFqcjnkx5ndgp5gPfrEUOohd4UXMR+j7sNOs3wEOygFYKO6GJ6Vn4KC0F9ujDPkKVBtyxDrMOuxkN2P9h6HGkMm2w0RxA8qcgfkMzMZ2O8UnMRt9GWfsz+ifbQXF6FP+Fmab/V/GZ4/B43I5nh2wU/4Iz1nQR7kIYdPzxcJQ6Ip+sqKFdIgY8SNeokE8M7xTzetYtbgNbSeD/yAGCYY0SCR3P1HEpymDgobGWHfQG2ONsZDbGXTmBJ3BagbxGqFT/AKvk+0/fjdHygcz0vbw7wQmudDm/ogDtslb7TJhClicTLfr8XhD2FVWhrLisRAJ5tLiIldpUKJej0tg/PN1z69aS/Jraxfz734g750+TY58f4n3PHuW90jK3sa/oz+astMjNtgmbbXbZM0pgWDXGxvCsXbB7hJXcRHNC6a4vB4qb6vFH8lfu+r5dfy7y+TDs2fJB5e+531On+Z9f0jGzAU8DGVV5vjTI3a6A+rZDkkkOHS3osfLY+HuUBBrRsk4cCNdIFP4GiOzKr6Ib+eLknI0tFqeeAqlaMAjEfBJouyTJFHzKZooiapRpj4mEMyKT2CC5lM1xoQcjcEuhS2TqKYqssgoAVUSLHrjXr9AKhtScVwF5U2NMVdZaPBdo2VduSTr4iU5+TdK1++MySSR2jStQBulVWuLYTFZrCxW52rPaJu1Q5hOYDqn6S4lXfVbc5QuasA6kA0Qb1NuV0cLY9go8R5psjAFg+FBqco6FxaSBWyeuFCZqz7NlopLlafVdaxOXK2sV/crb6vH4APyAT0m/075RP0CPiOf0S/kU8qf1IJKqCRBIUjMJLABie0P8EU0nxyj+XxRYgdZd5zo/Fvx1M9daQ4dkbTdQYzIp9F2Gs7Q7pEU6y7ZsguWqW6bTBS9G7MoKSB40LvhxpizrMxwdUGzEY97wUtIpTsYYF4PC2Y5g8RZGC4pLsrNOkgXEx/pzk/wrzhfTJacmrVgwSzxVOLrbxKJn9n7/IHpEydOM/se3foV+4AtxL5zYFOkiypBB78FPk09IW22n3QGjvuPpW/OOupca4WsVCHNptosvfyCzdMzF/VpaI6Fw86kQk3N8eaY/tfLVy+Xucqc6K3IkIK8XoFewT55dwTuCFYGKoMzAjOCjwUeC87KezbwbHBTYFPw9cDrwfcC7wW94YyQv29GxH9XxnD/hIwq/xMZtf5VGSv8L2Vs8e/N2OPXK0klyZS8nhQcYC+S4wwW20lWZm5xUXaw0BhwpiQ7e5PCAKMvzZo99s5JzxgRevu+Jbu+IA6S+Yelz9V8eHfNxbmkgNjIj0MG9btj5fT8JxNLtldXHnvpg7fS7x52883Eme67Ys41wybFaJMOUBrpCMdJI7MftzVqUSeLpqIpOsoVNvD07KjjjDawoQkHzpsv699fDu17oNPiThR1dd6M6rXpW+pEXQPg1CEYTmHFA1cNq3v55bqRayIjX7+H/w9/lYwiBaNfY734mXBo96ZNu8Pd+Wm/n5QSL6ZSP7T7SdRQJw+idt9IELx/JOpxpVHcbCWfp212HbWuTe/kpYrXBv2ozdEzHd3THGtARyQVbDI1vFwW2lfg6+MzNPQGM8gvlQuAmLSkqMXftW18dvalRYv5Yn6S7yaDSSZRSC++4pGqyf+l08Lqxx7r24/HQt1JMUklLtKD/25V9aJ5M67rmoe6WnCl6RZxS1EXRK1HXWvT1ArHEKHC2zMNtYu3m+5yaH+pu0+H29zCDT5GnwrtWuGRHnlk0aJH5j366DycVv35u/wc/5K/TW4TFr4Wjb5mZAL8Yx7D9DG5hXgw3ZLUZScfJd6PuuiQDj0jvtQonLQ7o+JJ5ah9LflSqPd1rLBEPAxsVPcZUyzcbOrV1NTcFNOb0KPDMqoy0F45BvZ5McTChj4Yeu4bVKUuvp5UD9o37wTR+NUT8/Ztq1m4sKZm/vyXEvskbdv4Sn6AJzAdqBRKX9m8+ZUdW7bswDhD16JPq8BC5kcGaD4LWFSfooJx0lRJlhSfLEvMh/Ap+KggGSdmsBnqIwRyECaBMXJOk80SEWViseqNg/doIwfvcYwcO3iPyzh4Ro4d/Ta6InLLmIbGBmcSUGPh1DY8bUfQNhT9h2sDUv8EgkPVBb8aEArUQqFc7SsMUUcI96njhWlqjbBAXSLUCsvU5eoaWCGsENZIG9XN6hZht7pHMNIh1UiHhcPCCfWEelI4KZxTz6nnhfPCFfWK+gN8K/wgtaphgVqZVRE0N01n6Ypb89uyaVfWVcnWimhP1lMp0kK2fnQwG6z002balkItXc6elpYrtdoaWE3Xs3XSeqVOe1naQw+xQ8oe7TA9wU4oh7XP4SQ9x/4onVNOan+D8/QKuyhdUc5rP8FVqQeCtUqCnUgQjxaMrI/4NLLwwkWyEM87+BPxn/gTtBfN4vvIkMS5xBEynr9o4EMHPkB0od8cpCTS1+EDh8gsVptg94kiQxfhIuYjVDROAnVgLeSojhy7RnURtM3KnwSo1x12i6qIAiUqA73daTf4C0x/pZqzF0PSaYDqv/RYapmsmK7ahgFPdUwBGqHD6SQ6ly6ltfQFuoJuofvoHjMdxtRIT9LzmNIYUQVRxAiTRSWFeEWv5JWzxWwpWy6GYnKLUCKVyGX2Mkd/6E8GCYNYf7G/9CCdJC2luCZKT9mesq+hdWKdtM62zr6Dviq8yl6xv+J4kxwU3mJ71D3aIcvbtrftH9NjtmP23zs+oxdoGRrdbRic2ElXUowTqA/pQKpJNwKkmuff9t6GE7PG3pWK8yKh0B9bSt5d/U2PwX5zLr8IT7OpLA8Zrg2K61VqYe8SNzIOIK6Iw06tIpJeeb5VgPkisqJ4eWMMV6ckBDZjyJeVhYjXhpha3Haiv+GnSQ53C8f5GZLN3Szvu7NnvyOz3yE1bYUkhhzBfpdd69cqasKN/YoKscpkvgDKfE3GfsvjjeUx1y/7VY3uulHzSOgWcom7sePTPEi+4V7s+gzL48ve4cuNbtsLSd6HOzbqMvlZxgE4R4kNdKYb2FkQC0XU4WKVOEusFZlBA5zBnWjB9ayqZQs2xf1KOyejIJmykGewP+O1CKkRCztMlgFlKUSQUN5xk1OECk2Od5DlJO4TT/GzLUPN8S/kh6Tfmu08EIpYaYpFt3mEFM3p8epnjjfG9MbjBkmOWITDlmUONy6Oh50FCKXHMXKR6iJu6mJvdHLQmZQfdNI3yBb+XuLs5B6s/x/42Xg6P0uyhOVjE7X7+h+jT5GOLUMTG8mt/BCdiHo/ietJZ/Fb3HsNiXQF7063Wqe9YdspBer8b6TvdO/J2iitzU9xd/CA3iElV08R/B5/QM3I1+NNDfFYY9IZyYWwyWAp/HtzKSQZxOBNmbl5TnMpRCBPBmQ7oSjJLjSolSQ0r9nEd/KNq76eNu3Uuq1bXz7y1uHdzz3z1HNX+/clefeT28gdzwg5eUdWf/m33GySX1I6dUL1lB/HVo66v3sm6Ziaf+jwr19us780De1ogTERiyISJqkEqZ3VpHYNTkPFiCVHUUWKML9Mk67jdCQFybTiE1VmLgLUJyqqyjDJenk5u2TggKJfEvVLYzAMTDgjsjN4kCyh95J9id10Dh/N+3zIFyMFXEsnJ7bGn6KPHuVDkzqJV03ejuyfHZaXUUlIAZYiC8j+Y4ZbC8oNL7Y5TrzKFyc+NgT93JXtbRkqnsI4a+ev1JgTGKm4j5SfwmtjvvihR8Qhd3N3YPaUFM0B3dK7BgzB5eXx8nIzauwa26X77cvSLMKulA5pBWdw1HqzcQwRT0oq8hOkJXnI7kjQy4zFV/QGi7ONQg5p3rBjxwYmG8dEOVlCZpJxfDNfiaxlJX+RjCcz6U91S+30bvuTdXVP2hOv2ZcKc17I4Jf5RUxXMvbuzSBOkobJlYHjaOfC1HzHkOQxvaV7IAO64CjsFmvnitQhmRUum+Dr2RXZXwxJTGMDDsFpj6pbu+ZEO/qjPpfnaMe1XTHUysqQ2+jxyyF3HvLU0pLSkpyS0lRJxIVdLim8Rm6KbuQ8M2RHj4eWP0y+CZcNH8IXvDZgrrrqrEl5DiLhQcpDJz+8aNHDDz/6KJ3+ct++DbWxUH4eU7/0ZDpCw1aPvZEC5ZLcdm5k+ARxhO1HHFHACQFkZVbBlmK1peuyzaUHk3uL5BzWo0pAjrrqndGAse/DnW+ItM0Nr7u9QJDJ4sSQjRkkZQXpu70jkd6vvDls+PBhb/L1lPx0bsQdE6Z/fTnx3/SdwnA4/Hue26dP794/C7XLNoyoSe+0cupLm6/hm5BAvZKYFCX1iEmIcb/EJG/QuVO4k3tZ1dl4236zhl+QBGxnT2KSwyYZ4GtjFvs/YJIeZfWqTXLbo5ZrmOTuTZzF19GIZHl1Obh7TpXw8TutEJ/VCsKs+F1kGIHcBJnSGN+SuEA68Qu0E63y85WfmtjazsfNnS+OYyLGTjZeB6A8orHhdt9wF6hpQf1MQ0ObZVMMvi5tthwNBqIQTD2e1thxs3dtUDc3TqiwcQ4lcSgrE8Gn0DCxnGJCVJ4zGSDBLBLYtuqh2AcL9n8ev3j6B/4tP/vFvvNPPP9rfv5F+k7kpgf7EyG0fM2Hhb3+/PoujIL7h4V/025ndgXtpaJ+7hxFUKV6inAiCzaQbZKumZPdhCDcbhtLloE6mlCkqopShPt0WUeqcWmMgQPEtBm7wtfzNfxZXLqnGEsOHZnYiWv2TjqyvT9xuMFtYdY1rEO//nOsq//PsI5E1I6CQ9AUh8wqYb8XyY+mCJU3QiCuiGQ5eYpnUpE/x9dNMpZH/gQSvLLEg+REFV9p6DobdQ0ZfA4CEd0SlepJFFTNJltsEkFy1tgGgzEzGHEeG7ETdBpBQ2e/0TlD+Jivj/d/lkD2vDHkwIGWLUJVDh9Yy+PtdjiLsq0wKOLJ0WQqKDheVbLKNqahQWxokDOm+AZkK20WcNEiRVOFIlmRaZFKijRNFdH6pgsUE+Q7mU4QsgRjiBvjcbKJb3jvm/eN4SVO0hC6YyG/j2xLPNHu+9OmL7IjLjVKGdTLFoXZxOsuOWO+50HPn7n+pseZZBRkgsEq+CbTdKPIqy1byBc8r30O5JlzwAI39pNcS6JyPa4lNmA25Kr/bC1hp9vFGiaLb2FVKLN9v0bRYm19mHtxipELybe/bL3ZR0fEMDkK9SLBTiQFJ3w8iRhhHIHX7EJhz/OpfAOfYgKH8GuU187dKSKHgYuz+Sh5seTBWZwNBTA4onercGVnd1RtqXlWocLfM2RoHg4jcujmLE7rIkVTO55Mz4GoLfukI/No2pfe9LWWrSHcM4abmsNNWFX/a/gyLl5tuF7qzEWLlrRvHPNQMSkr07goDKeKONPbN5Gbbp0//9aHevXqRaqnrkzuJFdO5euxzK8SDcvUjk8fwlrCI8YOchCJD6KbeMbA9t3lQN6FfDaQDCQCpoED3x3E2SBzq4njbt9rUlyTTV/xC+Lq9phQECLFKN7VZBvGBbVaTX81GvY8Hgs3h6/5zABNtjqemgyLdzgCI0PXGe5LXDDkPo7+qTPnkv8AsdnsBrjoZ1AYxtd+GrXa5HooaMLVJoTCMnOLEdw9KT0N8UKIr6jbTqp7DDmM0t94YxcZ/tHeMeRTZLNGXCB3MuRmgZM9bq4A3ZP7e+zvTbyvQSoEI04xarPUo4fA5hKtNouellzaDLrcZKxkRXnG8oVOKTHYaDjVgFhcwITqznnD33xzWOfOiQGk+thXCxYuXPBV4gS5v48/4+eAX7iV33PXyP37R4xI9tn6lTzNfBcTgN4Re0aFNiStwim4KM4mXEvj5WfCMeM1QsTtjQpOm3zU0ylqc0Yp1NvWegqamhsNYtCMGGjOtUJElGAbHcjLzTNe493ACHACPu+pqyOZ11981K32rMJZc2/bKxGclX0OP/dc+9q/fMVh3vv6exFD3z5oowXm2p8Cd0RUj2hzQgVGuN7YkHRMRMthUY8U1evdqjFF0VIIQwe8Pi3Fp5rYE9NjCLcO8/OBIsgCNT+/VBLTd0iWVXIzKS4qKTSBUSB/HzZ2yZKxwxAucu5+7PP/pUG+/rGfKb89Qhy942+Tc91fm7p5IwLJOv4gzsEwb1L2y5OxFIQcAJWhpD6kNwrMbn+xZ9INB24ZfdRAjrmsouX9lvfZ1S79IvcPbYXmyo/nVx+8c1RVcVlkagWZIk82H1fwT7t1G9y7bMyG8Yc+6tyFf1jRd9iAm+8r6jF+8YjuL/CNZOK1zx9Dbsg72j4w3Y7Ge9wACbSfBzPeF3F1E89jLD4KoBShrhh/WjZm3HJpZzDHACx4bdkGYJ0G5mSz9cOM7eyIaPZ0zBcBHLWY3wLQb8GM/eh4zzkawMUwV2FuAnCXY0Z93Cswo3z3HszfAhifsTxY3/MjgHc4ZtTLexggBfVJwXapjxtf5bCSDPcaX78YIicJmWhnlAmk4FWyjEyXDGgrCxAgQ9vKDMsz2soipJHn2soSZJDt0Bdmmt/L5sAUeBAmw1zzu9gEyMdzGEKYCrE0HmsEoALrzIUazHNgEoyD6XAT3h0IM7D+zVi6FaZhCsCIa7JqzKtJeJ6EbR7G40Ssqf0bvZZc63Uk9vQw9jUV28zA2oYe47DN/6/Hfliaiu1GwTysMQHrjjOlTTJbjDNHFEApM/A4C+uMR7lTsF4A28/E3seZz/5Rzl2mlBrUaCbWn/gvngb+7eejTK1rsK+ZpiZh1L0QSn/Rrr1Vt2uthGTYtz6GMfLPfoStpgfR9yAWiuvwMiN5Fj6HaurCeWFRBEFilLK/wYzWTyHRqmVX5WPYWIdX95+IWgRaWyUP95D18nTy1f8BgsQxAAplbmRzdHJlYW0KZW5kb2JqCjI0IDAgb2JqCjw8IC9UeXBlIC9Gb250RGVzY3JpcHRvcgovRmxhZ3MgMzIKL0ZvbnROYW1lIC9TVUJBQUIrRGVqYVZ1U2FucwovU3RlbVYgNzAKL0FzY2VudCA5MjgKL0NhcEhlaWdodCA5MjgKL0Rlc2NlbnQgLTIzNgovRm9udEJCb3ggWy0xMDIxIC00NjMgMTc5MyAxMjMyXQovSXRhbGljQW5nbGUgMAovRm9udEZpbGUyIDI1IDAgUgo+PgplbmRvYmoKMjUgMCBvYmoKPDwgL0ZpbHRlciAvRmxhdGVEZWNvZGUKL0xlbmd0aDEgMTcxNjQKL0xlbmd0aCAxMjE0MSA+PgpzdHJlYW0KeJzFfHl8FFX277239uq1esvW2ROSECQhTRICEcookU2MCpEgICggokAAZQsKAUlgQFlC2GSJbBJABHQgwbCIYYfRGYIOioNKEBwDMj4cFbqr37nV3SE6/n6f33vvj5fmdlV1V917zrln+Z5zb4MwQkiGNxapY0aNGIl+mfov+GQntJwx8AEybf0HnH8DLenZcSNKUfejixHCPLQxY8a9NA11PPk2QmQ8XDeOGzGtFLHNE6GzLLg/7rkXp49Gozaeh+vHEer62osTnh2BkNKEUPdP4f6T40eMG4U6nN2LkLoe+kClEya/hPzlgxEqWE+ff/SJjCz05LMd4foQXPdHlFYyrO6fa/4d9bQl/ycUKyL6d/5oujd0/PlTbz9ziXQJLumXONCEcVo0Qmbt50/vPGYu0T9t+zdRv4vRPzciFhfBUYUXR6lACSgNdUMPop6oN+qLitAANAgNRiPQaDQWjUMvo+loB/oAdyJ/Z8PZSDaBTWLbsY/G2VPsfp/fH+whFXWA/nqiXtDDo+iJYA/PoufRi2gCmtragxV6iNZ7yAj14P/G/7X/kv9z/6f+C/7z/r/5P/af85/2n/J/5D/qP+I/7D/kP+hf5H/FL/qe8aZ723tTvSnedt6Yr566OARNRv/vfwQkw4IseCSATCUkIwNIyYTMyIKsSEE2ZEcO5EQuFIbCUQSKRFHIjaJRDIoF3uPbdsWeA6nRLhcixOxCx5hYtBvaZrheT66gkXD8goA+cGGoEtrX0FZAWwttJLT10BZD2wZtIbRyuPcWtPUw1ZXcdGTlXkGnuBVoMmdGp3gWnSJD4LoHnPdDk9nzcO5AlewV/x2uDN0PbQh7DZWxo9FE+Hwi24Imkr+iDJKHPiR5/i/oUTiDDrBX9e8P0HuYPnCdjiYwiSiXs6Fd/EJUzDagbtDuh/vWQ/uQPscidKKVHmjs10CDikZRusT1KJWLB3q98N2uAJ2UPnrUaQT6KY38FTSdz4HrxWi+TucPqJTdD+N3BlrmoxcovUI2KmQfQPM4D3wGjb0Ax2jUj5fg2C1Iezed9gOUT7YW5VNa+c+gL6CbmwSfH0ArhMfRAWEB3Pc26s4/Bp/RcUaiiXwD8PIJegn4Gcm/jz1iZ5hVaiUTmQEoHY0BPSCgA6uprbFO4oIjC5+M1lawo7nNoDcCilSN7F3E38UiN4uwKKOxqaUTsja1NLVk2pV4JTleiR/NIu9kJsp7VVshmH/5cRKfBn0cY7aT77gLeh8FqoXDr7GoXGQ5HnGEFa3evrttA/rutg94alA9Iv4jXUq8l2jHt/NbsjKxasmUVKlIGi6VSjXSYUkYipVEGC1RwRO2k6Tt3AXfBZJOm275u7UfSRlvA53OVS38KrTSbBIQY+ORXTZbL9FRYBCZDtJ3t0U/R2qXkuasFiUvD8b0tmRinjgdtrDEdiS7sy2XlFXMmTuvZkX18pW87Vut+7VrWrer3+PjX13GjS0w3mYYb4I+XqxqEeh4AkYGG2sXEYyXf/tev3aPy+Z0ECExx5bdmWyGLqtX1MybO5e3tWj5l7/Sun5/FR+7dg0f1flY77fhj5AGthqhGpn1aC7PsDgChfPQVdPZQI+5HieTaL91fnP549pO7QhW4bmR+DKZReaCrJV9aC1hMWKtl87q05Rpj3fGjyRRvqtk7mY6xhfwtgvGgHv3o7mEds9Cv51Qht534hfnz2sa1RF/Admrz999qgNFYoJJJIOYArIBlbMEYSajUWfydktm3ycGCVbuBm0lCdiDE4m43fcLTNKv4wL+p9J/hV3M3QK/E4YSVTtfY0M1xqW2ReGS2xLDuJ1R4UDBbTr9zbdbrDczcQJRrDZPlk2xkpQspFhRYgJ9JwvXrlsH/9atu4sl7ee7d7WfscQVaee0s9DOwdAe3Bl7arTJWoVWqU3Gr+PpeAZ+nfL9NWj4YOAHpl51FjA1LKnhygVUI4mxvJtBsdhgbQpqB6ba0dIYEErWbarqwCKw9r6FsbBkaG68wmUnexSQrIb7aKvxqNO4j3fzdnZyr7pedy5s1+dyBYzXB3h2o/VqSkRkFBPuVjgWKRzHFljfUpabahxLWVQD5icTLLvDrAwfTa3CCVbhGvBU390O3TQYqrVgc0eOKLa8ID1tRM7dwLvdViUsD6hTswayxVyxMIOdwU2JqowQWMRGQDyK4twvoSn8y5GTo15yz0EVEXMi50TNcW9D26KUoWhoMrCRnYNyu+Pszu0SE3ghuzv2ZLFOBy/wCC8gH3r7gSA9Ix55u+Lp89NmNA26jh09n4rQbm/fvn0qXtp13MreU1cUPHi2U9b1o0O2lEZr3+v8r4U5nwz8p6JStSNy2uUKKbYizl7jNNVIVby7Jq4qcSm/yLkpzeW2I8YR4W4XZ3UzjliJT6NicA0ISUDSJQAiALMK01Wupfl2c4v125tW/QVyAYchjYwZETsibmQ8i4biGOx0sPEJ7VKyY4CVHOArHWcHTn7DINNj6SbtE+36sBNjB5wcd+hE/ZZd+6rXb1r1xKFJk0+VfIuNbzDJsY1LvvwxOfmjTlkrFr9WvXVq6eSypHbvx8X9de/MHVS3R8I8bwa9IuANytVobGJMiGFMBYgxCDUcZsolbJSRmxdZo+6LDMCYSWfMSBlrym9syVLozDY3gesDXvSpZU/B9J6ik9regNoD7CgBqDEV/QkJLpyO2uF0Jgf3x48aHzUV49H4ZTyDmYdNMJkSjmc8CpgxdZfZDK8RrGVrFy6c8g3jkr1XmHNezzatBg//KOhvrrAjgfZoNExNZCMFpcIaHVkjOGqsC0ykBpWbFgmbY8LcWGbcSLbyMVYvbjsz1jYe1UptBibJ2niTmjG1Y5ggrTEwP9QJKVTqyOlAv5kYOh9fMhG+mg6DOtzBSVqT9sOwj8YMPvLCO6dPv/PYWwO4C9u1ZRaLdvOf/9J+ios70ylz39q1+5La6X5lMdC/QvcrSWiQmmTnkanCiGpcfI3btcVaY1yQsNS9KNmYILkjYuxuJj42KhkcDShSs+5qmr3N91RIdZxBZ/A5co45x57hzvDA+d4YMhQPxQm80+EKUIudHXFiAmFCrCTGUbcUn+Uim+dv2DAfGpb6vdnv5HlLt70vfI057dY3mk+7iYtwVL83mW4HNr71wQdvbTxAptcltdN+1H54cqj2w/ffav/UHdUzeEsM0udlG+jUGJgXHj2rhnMKYQijsOA3OJgThmMwOHhesHrPNupxJuM/XDCdpEEHIfDS4CAgAeZJye1SotoGEcwzkVwe14t7jtmNdvMC6AxMDk7E8duYI75vzmPN5+EuFN8p52hoBe+/EGS8UJdxIspAD6rJ4SDhFL4m5r4a29KYRSmbMsONSe3dziS3RQJPDu7cEh+VafU2ttxubNGFG7JZ/SoPjLWNQJM7gtdJ8mS5qLvRzTYxISm7c449dAPoB1m4ZMuWJUu2btG2zFmK/P+4rC0tX7ZJ+/nnn7WfN/daOndOVdWcuUvJsTWVlWverKhcUxy3d/Z7n3zy3uy9cQnHF1+8fv3i4uN4xEtz5rwETdebcuCpEngK1/UmUYiNwBUookbewtagBa7YGutS16Jkwe2Ot8eghAS3SVcbYCAUob7Vfgppjasx4mjkkagj7iPRR2MaY4XttgbbdzYG9CZX13Gb3Qwag7I7I09AVxLa4RBjIIWv+63tC9rSde+LX2l3sfUbzGBF26Nd7bcWdw9qVCzoCjZhW/EQbPn+W+zSg9sG7akYsjKkT5SnW6A4H7GJOt5yq2Z+LrsVwjs4IBaFA9wC30Kjx+1AkKce4tb58zTUs4maLhMde+jPSyhZtQOaENazc9FWWRA5HAGdyHonOgxp9tIobQ90pKOR8xSPQFe+iwFMAjFfWytM5DaC3vRD1WpWuJGRaiOcUUxtP0tnj2VnZm2uc2dSbe6Dj3g6x0SiVBsfbkyNTI9J7W1Lb5/au8P9j1gvtcAwYD75x3VZUy1qaqQf3Wg6bj12MwtcDehWJuq7WwKXZKQx00rf7KHoeRA94j8CFvAIvNSABUiW/rH9M/r36M+CYbfRMUxnqR0oHqhiWLZH0YNhSrsk6p4C0NDFws25YTxV0JQATMwBxWXDQGutgGnvvDGz7PUlM6YvJvH5bz6387O/73hubbfFy7b0UMdoF3aXfTN83Z7J457HjnXlv44Z/Ip2cVW9Vjd7dsX8V8vx4web8AtlfR/VjmrXScTiTZvfWLRls9brkd6/njx5p2+/ub441+U9LzQUzV34gDpa+/OHG7R/jh0z7snHJox4bu4rr+DeB/fhPq/MqtxV88y3Zdqv2ic80lE94sbocUlGR9UHkAKgkGMJxR9YkRkZKZAXMrIAoISnH0oKI4v0C4hcQjWNW5wkCjzLEIwkTgZ01BhGnU1+c1NLKErpAKT1IN4IuSB6XpKwN86I8VC1wIItxCJYRAtkzVNQKVqEJAGLhGck1oUjSDEeRIqMz+ExZBqeQmYyk9ipwjSxEs8ns42ryGpmBRsWCGwUWTLxTCJp0G6SZK3sKsn723zf0/MvcGZfBLPrTjqepZXrPusU+M8W4F2E7DYOfFZiBKqWpWpbOa6W34lVDCKxR8RyyOx2cRHujhJy29h4sPAsQNk6xtCBVgt1WHmZey0JwAVW4gOq0nqSHN/WacXjKvzQpnXrNmkNOH350qXLNQNhr92ZPbN6i3brru86OeX7snLhonlktNZ9wqSJpVuP7Fmw0RF3ZtXJz0FBJ/uvcCngjyJQjhppesu8S65W8FtoF1sdtlRZFClEmFCmwxpJSQy6IErbv29mvm+Jio0iQB6NS8FYlJPrNLdeuLiU0dfm+JF2C1sxmnNt9Ngbr2nvaDNwBX6i4gb3zIWnh2kntL9rF7UTw54+36sX3oBhJvCGh/U4ROW4EORoQB1VJ1/NkmpI4arZd2QOSwJgAtZISWpqbGyVV+beWBOIS4/3wXaK2e2LJCd8eeQXb3cazgu3+65sD/XPddP776A6xGryDqSIMg89c10kHOreq3uu/GY4ydxbpPcO0FvxBBLCU6fJP06f9iWchpRwLRl5J52OFOwbV+n5S8f96F1Cu2MpsLRStIJ0hK/nPFg1ZXIqV8QN5xZzGzie9g69Qn930kM0jtXzhh/UVFHheE5QeJ7TA7JuTQUiRxgGvSvxHGZ5kQ5kCIhFh3XgM8NCoK6NgbDUQESGGsgyB8EskUQXSeVSxVySw3UWHyaF3IPiQPIcmUKmcnPJfG6xuJy8KV4jTrAbTuKjmAiBA2sVwplULp1vL+SwOVwOny1kGh9gVLYnp/KqoBqfYYYDknhOmMqVGhcyC7k3+MXCYuMaZh2/TtjH/Fk4xhwTPmM+Fa4z37HXuX/yPzO/cL/yHYZOREMngiBwPLU7XcrrMeuLYiK1f/s8VNYLyFRfL+8V8rGvUyDHozp8sU2OV21D1YEcL8LiYSKcVprjedvmeFRDPXp2lxLQVv2dSbmk+TBz6RLGmv8S7oqnafO149oxrRJP5/ppddpV7VutDvfCkTgK99qsPaWtp9EQbwb8BAhKp4Xq7eu6/dtRVzUcV1tRtVRus8oiYREXYeqhILfEOgLapYQFMBRkearB4ox19nA+7XzXyVGj97TaOqQLbDpIAldpr69Z87rWBZ+8Sym8q53mMnwfL6usWLb1yhdffuPbBjpD892NIIsU9KqabzISs4HExMaIEhFkEhsbUyAbYmJZJ0bOtxzLw6sVthotTwZDT42RDbFRAkqIijDfJ0Q4ElKtlxpBZs00+unxT098wPCtx5WQUplvwGnwACplSQOV2heblpH2aBoT8As60Ij9g6QoA4fQF9tr8tmnt7w3deuMbz7TvtSujf1hdlnLpHcaKteUfXMah/30/Ofc5mO5ObOnPDsqNiL94r6LX2VmfNKzcP6r42fGht93ZMfxZgDk2H8H5E5rPgLqAwiEegsWq+AnVE60NgHa1uWclQn4VKb4VNTxqYjEED61IykWWbGVxApWSZVKpQ2SNJShfgRsnWd/8N0847sJLuTOBU63zftb/cdolTexPJKNEKYugT96fzaaJZOhMLJumdQKM/vuLigapDp085UU2SDrNowVeJwTrC2t/1QHfCUgUWIFxEksj4nM8NgCfyV2j4ThXyL8w+UX8WT88kUtjqCL2hCt5HPiDJalPN5fSJlvHhNNaRwCNMYCjRJaokYxiiAKIgX0BSJIh6nmRAbhAhbxMs0NKY6R9dSKD6T9zQGA3/IfCF9VOQK2L6SRdkIXoRd5WOglShxjEJHBxUSKVkOGIZvJE3sYHmb6iI8aBjIl4mjmeXGCYSozTZxl2GBwBYE/Tf5x/GS22lvEnLh7P7Pb+xx3Yc3dCdvXsEt1WyoDXb6PLQP/l4wa1JSIWEOYZEa1YXy9WYmriD3grk+sUxaFGVEYE26SREMsIzp6tgPTOtvUkpUVoL+x+bYXjP64ng0oeRQ3j8+MzozJjM2My4zPTOiRokarMWqsGqfGqwlF0UUxRbFFcUXxRQlFKaUp86IrYypjK+Mq4+clLEmpSbmVEhN6NPRQ6IHhMcNjh8cNjy+NKY0tjSuNnx0zO3Z23Oz48LZ53P04V0nMbgV88W2rAi5y6PLO8gmr6+vqejTM33nGdxeTt1cO3zdg1KHB/+sW8Ywue2byxffT+vnKt48e8eHGg0dssxZ27Lg9JcVL53qi/wpzDWQVgXqoUagCz2fNFab5cr3C1ofV0UBuM6Fejp4QyJtDgdyq3b5p/ekmdT1R1qjZUUuiaqI43MZwPcGAnhAM6My1/uuK3jt+/L2idf0f2TLUp32K78P8wI1s9s709Cvnzl1JT9+elIS7A6K14a6J+hwCXexg3gGY0I26qBGR9cjsqOfEReY6vJIJY5FIHlZshp7RehUuS08Ummn21ngzc9/wmNkxNTGM7g2DYiO643a1xc/Mxrq6rntmnvEj/5mZe3wn3l62bNu2ZcveZvaRYb+2bBs5Aj+ERXg9NEJznrl27Qy0IF2zQF4OFIVK1STkxFKFOJ9z1mKu3og/CK+31RkXuaOcRHSKqC+xWXq6dRIb9VoYFV8ggb8dyMXSekSXRtdEfxJ9K5rrgXrgHqSHs0cU10HIEDOkDvIENAFPIBOcE6KkoROpiON1R3gPLkEwEnSxC+ws717juf1jTzzz7CcvaLe1EzjN+w0W6siW+WvqzWTY4EMnOnfe1b4D7oJlbMcPal82rnx/13qqAxkg8F9A1nZUoro5KzaKtTyuRCvNfINM7JCMS5xoshj6OSgYkSkYMVAw0ne3WT+ndp/f6M1vbNQzngwKe6w3s2w0b96nOoucNU7q1oHIaBxwjInZHqrG5Jfdzz6CM7S/1u/evesg71hdNObZxd4M5q+L+3+wA2T9IRA3Heii+WE6eOdD7B7UAPmhyKLC1vwQEjvQRGtr7Z3TwZaeLn5YB3/s8Ls1vOM7YNH/hVas92dAFvSQ6jYQAZkPGYVK7iBqMO6xilaOf9SERSMqtOq9N+fZ7tUBaECjAymqUqQMV0qVwEAOPlinCwy46c+FnZ7vp4+66NMja0es5lO/03HjPV4S9qOVBIuosLWGrZqsQThXyt3i+AADQDzv+LWFPgvJshANOpeABqvteJsUbkF8tOA0VkbHMXVRDRFWASkWUeSLFNFS5A4XIwsTdZzgBaSgV2Dz85tv60U7G4Rg1Z6ZVJRUmrQkqQZeh5MuJ/mTJNAt3Zc4QXKBRL/ticepf8mm9Twy591D9ZNeXry1ftLU17fW1/fYPX3GDmbBzCk/feMbQta/tfbQZl8lWb/xzcObfJXs8F3PPTMTtdrzy8ADxVp9AGvV21C9sY5iLZvlMcbm7Pm7erqa2COiDJXxs4RZ4ixpljzLUGacZZplnmWZZZ2llNlqIm5FKL+tdP2m7D55+c4d1VU7d1bdwjbt5q1/aT9ghbl87dSpa9dPnvhurXZSa9FugJHkgS04cBedxgNaMbsZaKQ+p7saFfI5deZF+CDTEA3+5mHd8xRSr5OVFaC2OeR2VCngd76KgUQ9uVVqQA0Bt41D5ROgFU+ur++6p+ws8vvPlu0hXcDzvE3bNt8uXt4+coTWoP0Cr4YR+PuQ4wnIEOgbrMtQp4+pN1qk+nBnnWVR1MGIhuhwIy9GPoxstjZeMUTf8d/R9x+FhKCDpIWERJwR8oVk8j0P2bWujmQE6fHtauMeR27/9d8oqKdMH6BPQZmqgzeAVhqYSnOd1CDIPECmQhstsek2C/6w6Sx1gO8X2TfYaTYYiB33dC2M6RPbu8Pat0FSB+bZO7qZ923KmUO+vaBTo5/lOH28CRC7TsB4KehaELM+EYSsT9yDrBDTFrCOCueCcBrTkuvuYdbHo0SzIDoSeqZSupp+g1khyP1Eg5ztt5g1BFlRCs2Cxrllt8Ft7AiOuoOhg7Gb1E3uZuhmNMShOJxEUuVUQ3t7hiPD2d6VGpMamxaXFp+UUiFXGCqMFSYb5YAQXuYNjJExMWbGwliZCCaSiWLcbLSUkpHWI+3ptFlps9OWpNWk3UoLB/Qz8ffgmE/8T3BM60HMwv7bBi9Y8MzyHo1bfv774I9eHH18xJxFo3aoO1Z99ZfR77M9dqWmDhig9o43t1+9YO2+xMRD2dklj/UtSrYkVc9ZvzNY080FpfuRWw9xASKwmRMtTC1ScINYKRtAymAJVpu5EIKC7vyzgrAvsDiQl7n3XWegCAEe3+HqRv1/u2zq+RU8FZdp8/pOPnjwwsbKSm69dnSxr2ZB/zUb/kaGL8bdA7q+C/zFIJhbus7fTXUzEmLMmK80K4tk3OCoMwJucxj6E3CjTqrseQG9as4CZde93PsTnEecoFh2gAABXW/FAu3wrrqZM6vfqat7cM/LH57EH+MDZKtvxIYNhzaTsrs1O0c/e4vZRvkvRojPZocjI/5e7c0NBAguS+xAWWIGAhInAzExGGSewmMOULkoCkRhiBHuVhAyFsiQYvMMOmwQjQZZEnmOlqXAJkx0zU4G1KzQmp+ttfpn0EG0nuVjWhrUl1z08iD9mMbYs2HB5Lw1Ow+VsMQb985bK1sUcvs54iIuLkHOlnuT3lyhrMpPkae4gXKRPJ6M50bL08ksMp2bxVWS1WQVt1xuIA3cX8gJ5mMumiMSw7MGThYNEhyMThLBuNhILkqMkhwGpzEZJeNEksLEs8lcAp8gJIspUpIcb0g05jGQ2Yt5xkxzIenFFLIqWxDI7cWHpIfkhwyqWTUXo2JcTIrYx7jH+ceFIvEJaYA80PAsGolHkbHMKHYsN5YfK4yXRhieM04wv4xextPJK8w09hVuBj+LnyHMEqaJ06VZUpk8xfCKsZJWG8wr0Uq8nFQxa9k3uVX8KmG1qGasMG4wb0Vb8WaymdnB7uBq+Vphh7jZ+K75z2QPc5D9gKuTDpsbyUfMWfY0N52mGJ4oTP/hRANOLK779urFb6/WaV9c/NePF9nh3hXMWNru1jArvGNBR7pB/jgddMSAH1QLOYUXeFZhWIEeIFEjmFEITLsCd8qKJGN6MMigMpICClMgCyxmRXSYZkb6GRF5Y0hBLK3lYSWQYAVAl2PAvWSrUQn7XcHm9yrx22uqE6tklpUjWafcTr6f7SQPZJ8UBsmj5Sl4BjtFeEl+nZ0jr2Y3sCuFZfISeSuuZd9ltwib5BrZLTMsBzZgiGScnFOKNKQx7bhkqb0hztQV5zG5XGchR8ozZJp6M4VcT6mPQTWVwCyXkBLmSa6YLxGKxWKpxFBkmmCahmeZ3sTLhR14s7Db9LHpsslvyqAlU5Kop6qQsLIjtRfw9ovaAe3ARfyeNukiTsNp7HDfZd+HuE7rRfoQlzYRL9ZzaoiLs2AOLHih+qAgEklBFipmhCxmxYIsJsVoQvRgNoHhGhUw2wKTQbIiA1fJHDQbGqxmk1GWwFpFC2sxWEMTIOpiN7QRuyGwsKtL3QrOpiWYG/5X1sjdCMuiMr/FI07kJcbkksNMVlOiKdvUW35U7m8aLA2Wx8qVptmmKpNNRkAEWJrBbLCEYSexslYuTHYYHMZIc6QlBSVBVIlj47g0MVVKlpMMScYUU3tze0uckouycTbJZDO5LnKOIcfYxZRnzrNkKg8gFatEZVRWDVpggdRTftjU29zboioD0GP4MTKQKWKLYH4Gwvw8KT0JVjjQWGIusRQpo/FoMkZ+3vy8ZbhSJk4zT7MsQH+S5hnmGReYFpgXWFZL1YZq4xrzGstmw2bjDvMOy27lY+Wy4ldGwVxyZhyAxj0wnU8Pqeq/fGbVi/0GeOK1bh/hYXjYR2NOzljTq2IA29+7nHkx4PfXo9fZZDYRlN2EKtTezHVas7yOCUcPDOERj6+DW5avG4wG6booGelBlkyCSbwuCKYCiRjYawLaapaMHBEYNIGThQnG8War15vfRCNTIA+je3by2tQ4Q/PG3vj9NUyfU8JOnG0PHNhk7Ty+T0tPDBzYxMOQbN0+jDc+jje2ngZ4+RB46XWPF+N1kxEiiOG6DPReBx9gBCbAC3DXeYgVhL3OAH/XQZ85YBo8RYGRkxmdF6OIOSROkAU8gUGlwEu+tym/xfYHvPwxD6HrkgQ7ZUHCyYHDh/iClg5cnMd7Q2dsojbscW3YYWzExsP3ToP8QA4DMZnuzeugGtg6dJiwNJPhIATr0b85U1VYtjP7EGvlVb6IH86X8mIgn7FDQjOEJmPQAfB4gktj8vheIJknVbPhFiug98yggLiYbkdqaQrsq2pqCSyVDTqIzPqymBlegWUxRP1jG/d4kH4TuCNYmrN7ArmyR4/5J6YYRjxZPNw0RV6/dOl6vlffvn36LV6yBCKrv826U1hrLTawFuNEHVVjmIQirB1Zg9vJuijwB/B6thNSjYZqZ7mDrTa+w1U7aL2L7iuiMD+errfY6UqCXoJNwwobpq+yPLRp3Ys+K+5/F1u1XzWv7zrev7DS92Ulu22rpn7+jy8/hzEpPaHxCQpvXdOg9Xx9jxVbjcuRQFg3ZnlQ6rONgdV0fWuPcop5y5emVxspH6O0w9wXem0zDHVWLcRttldHWMMYt8lRHRaui9nadBYyXeDGwFSbym0uCwqjzGRlnQU2M+lOOaeV4bmcXFsEbl3AUPB5slyLKg3T9lS0G8FM27797j+2b2fLmzST9ueH0ntMw51JOxx554LmxA9oh/H3QZ4W6jxF6jylIiROgWs7WqUaRLoMIWG3ETmsl/ID6xCgT6pSYDJa7aLEEdHGoHctMg+pbCv+UV2CwosKrXfStQ2icKIksfASrPn57A3qg0XrDc56owSrdsjrzViwYN6KOQWzNswga++u915IFe3EyplEo2TND7wwQNVA5RRYDoQlzPzzNNn+k+8yeei8Zte005qm2c+Th3yXfyJ0h18M+cb3nncag7XvNBf+Jw7z+pn55BFfjM4zrbGv0fcX9VCNUbERTHtXhJRspbuHsppazjZ5qVq5IqujjNa3LLvs1cbkt9rtSqhGS42L0oIraLSBVeDAZqfQ7oP/etMQ6f1v3OWNuUs3aetuztCaO6yundnwSf1HZ5veW7/peMWQcxNbuFt0W1B8bOOSb78rcH9Skr6kOrhnKPyRY6kJofUkj14Pnq7GMIokiSJYOVMgMhL/LgH504W1HMHNs7K+YBKooP7Ow+qrR7EGmjdl5ohdmF7iw8zz4mhmNl2xlSQnGykVsr2lJ9lB0ij2eWm6NI/9k1TNrpE2GKwQTegc6BqIOU+jb6x2q5GsoOtd7Nd3Y7kLd2PZr1Hr+lyFXl8vuadXrat+AbUyFFCVYkGjZP4edvqfq1NwlUlXjFOnyd8w4ztMnr7ku6P9cDqoBHu90wNKELRnveZPUJRu36F1J4JifrOmKKBY1cpWC+WEl1i6VukW6LZTMFNaJ8qn7iVogFy3wPrhnXQu/c4F6jZCfuN1fZzY1nFS9HEi6HXrWgfRd0gzaDoE0rH6nh0TPHG/qsRb5YhIM3K6o00uJkKxxtHB8/O9+fk6CarZhKrDHM7yWIGrjjbHZlBbtd6+pO9/NYMuusI8gV0ITBItwiRne5wsPeGciYzp4rffXjxzsbn54hntI60WP4nvP4PvxwO1HdpHZ9iNjrPHjp1xOM4cO3bW4bWGAXSQ4HVf2MKFYdoF7SftZ+1C2F4qK/BpV/X5TVMhCaxGvBu0j+gT3NSSr5uQyJNygwiOEhzZ2dv5mWm0Dkx1B/wX1+3uG3T9dTuYK12ToU6K+sr5IJvjus93IVU1hLMOzq2gCMkUZm2ixQFa/FaNBXy1tVxyVjPv2CU6IcGtpPudiuwCeC/RRRlrSwmtroDrTADda5eU3TkpTZ83jN+sXoa7aseXVWs38KqRfoQhQyDsae1HbQqbMreS2ObdLSavR9Z+9pev7qSTqb4FgXkNrWcQlKTHp1Jag+ZzUTRKQ11Vs92R3jPFxjzmjrdJPdsHIlRLUyP1n65aZWX7pHo+pl5yozp+UXtwI3l5dFcTVaZQvYxJaZfdOTcnKZluFgEXKcBbTlibyhp5JVRF+7fAc12fwt2wOCPH0+m+O6/2O2EX5pwPFtvYsta6WiZ2X52aVjOlvoZgZZkDK1KHl1d3mbo2VIGj+ncAZN4dcHtgz0OGajLbXAmczY0k0Vao726gXlGPTqhWjpNqbQ24Ni4j5APv7W/w/Of+Bj4xHk/C/KuvvfaqdufHMa+9NkYrxvuONb04dtaia59qeYTVFj89ePAwfEo7/USfPo9WLZn33HRL+KpJKza31rI+Adog5u6DaCviQhpt6Q7l99la3NAm5h5gXL5N7PAqr4fOzQvaVS4anuNBj2jMFU222nCLixGN9lpXWDDmNoZibq2xQXGakavW/ruYK0DIzVGy24TcDyDfeWWK9venUp8hP1VVeV+qqmK6LtJGXspJHXge1zZ5PdrjOEq7infpOhNapyAoReenEGz9B6CrbbwV//t42/D/Kd5iAfhNCcbbHvvxd59q4/HZY1rlB/s/0CqP4bPa+E/xd5AK/kjM2mO+R0nOKa0KjzvlO0324Hd9P+r8zvNfYU6yMyHW9lcNEbZ27a02xhknp1kv0X25Aa1yxVXEzqeLgWmOWmeaVCHPN9XzEGpve3cb+z42yBt1u4Rq2m+uM3Ew6P63O3WpGpKjM/+kaTeLagc/vH3oytoVC5a/+VLlwqkPvzXime39Gq9MI0PCl734zj63e0dycungQS+sKilUh0RGvx0evu71oeVBHdRrCxLgBacebRsIZyik8VZEgsgXyrrTg7lrCWw3CcRbVb4XowPLwyV69Eyk0ZOdvt/X3LKfRFEozsz1vsIO985iynWd0cfjHSiBVr7APruiNf6zQTqW0hpHm5gKqP+PY2rD/31MDU3+gf1E+EYbgK/8RZt8bH9woh/1PUayT2pVQE8/oGcyzfdRkiorhbIoGEQeQ9reFAiV+w21PHgKBC6aLkN7soO2lKhbFt9vX5eHyE91WtmgYavdr+7Bx/aDJM5N0IqOfoxCts89Sut+6BHVVSALhBGBL4k3mgsFkZWBdROwfikQlWm5M8isjSiiLOkL5gQAoyLrAeGGFdDPDZHySLem6DMB83EAm3B33AMb6rUzddrpemDTRm4CJbt9KeSitygo93Jd7imqQ6olLGoQDKZCkRW5exNwSQ9NdPYv0d9u3NtmdKCeDKyv9+2AnrVcfOpuDWF93lbf8LLuG+4L8auPE8AftUID4RlRKkSsKBT+Mf5gywMdU8F5PfBoQH+C6ycEdQyNo68tE5Ssj5MP44zTx3HvkzAj8ki0XmrSneqfGaEWNXD6Xgt7cPdEPttJK/izVqD7VuZcYIxQrYegHF1HS7Vi/jl9r1Mq8qACVcnumWaLN/IRYkrHSLoW0vl3GMbWQayPcdZFrOzcialPsiwyHOwMqJoCmebAD3lo0MtV9IURJbgyYqMLEopH3w5uC6znpCj6io6g6As6GUvLnpk06ZmypfirvLlPvP3dd28/MTev/t4p/ip0A8n4/sQ24th24m4+yRvWH2djO7zu7zeMzs6wfgCNbsDrTP9hvhPMRbjV17LtBOU7VGckKDswZxBnHLpupFIcVMuDR2BEoutEU34LxUH7edIAMKj2j2AQW+7No/pRVQX276GTqD3e+hsQBP0qqJuqkFqTRWhA9kJsEa2iKNj0+KXrWzPE5t1oN0nsvdu025LY+/FBe4ipzn9kNwnrUpJJwQ+AClp7D6NQyKMwvbTa1aOH1HXOHoPT6vBnTxfXYbf208vduuF/361ptTt+lc5TmmoyFRKRkUUD9XM6U96AbcuEb0BiLUd/VpKfT8NlgCloLIc/r7+TUI8v1lcx5+7WBFhDIXkJ6brPyFItiqkWrNjAi7rIrIHeA0JTZV4mDRZjUG5UcG0kF5QevyowCgx3T4AhIRLUHfxHR91/OGmdJKyn3caYDaIou6yNlyio0YO/WGtoEMy1RkutkEFRgY7IXDpyUeLBW3HxQYDDTPz0GkCWLlo1ScKC9isWXp07l6zctG3bZuZclZZbFUAyKOTDuTfB5hJRHpugo8WxgbXNVqxlR8mqwdkT2SycAazcEcBZVLRsrUFq4CgWaW5qU8qAuBwfJIyZMRfgFMCquT61Hpt1uvJwv8HDgARmvJZLaQrIO2T74eBDJU602XsJZhQBaOPsbbpUo4bRbSaG8Ao0n9S7hFr+A0O9tc61KELPc28Gt5jsEQy99xC+d9Gg9wRe1TUrV99dAvKhC2FCdk5oi3rKxPXrqv5m950kWcYNJ9a8tW4r5vF92hea/2DVheIdn1c9f7l4ZyGY178AbR/tFahn+a/w/fT11BjA0Za4npLNxtjCjRHRorswVpdLfsD5qVZUb6mL4uudi6IiamPcDVEZzfqU6bPW9tcWOTZPCFan0F+0eBS2TxAd+ybaf70VAtK/Sp/U1d1bkNaOHgJzCIHnjr/4fgav/QDQ+BLMW4I+by6Ur0oOTlSQ7V5WokdevtbaIDlrGZqTNP03OUk3cN80JwmsEuobMTCeMXvqL79MnQ2zWvzSms8u4n31V7V9TPQTw/CIId7F+PvIBYs3vnW3Bl/UUpD+u73vmLVkOnhe6z5Si75jMco4HvzhIP3ZHtPFe5JMX0J1AHvQce5JTkZuuMgKo24V2XN0cCQgzCeChwgkHvhYiiNVMZlxxA/dK+Nc8dqr2r6wh3uZEjp2Lkwnb6jTHPgodvUySuY0LdPnTeItf1qd0j4lnPr/GP8A0SX00/eItEdIYp2e7BRgLxdePTC8BWGZMwTLLJCpRmM2kvF6WS/LrDjD87xoD+swaEhC0uW65z4cNuK9R1+c68kbPLiL0E+/xevbpWlVZZ3znRGRsenFg9We/TYc7ZLX8GDh+JJOw7JLiueMWtP6c+OH2rTdwHcctGnQ6PklUDoWWhG0JiAe7mGhcR2g0aL2NoSE2QgBLEfiV8DL+9BuIyTDPYZGhIxHEDKVImQWoY2BBp9Z4F5rZ2jwnaIiZOsCDfqxA0ZywHdOuHZ+gpAL7g+D+BsG44ZDFhkOLjcc6ImAYyT0H9mMUNRr0GC86AHQ4JkYOMYB7fGAGhJPIpS0HKHkkdCAl3bQVzsYo91ZaNBPigMa9JUC36WCC0gbglB7oLP9Wmg7oTUglA68p8N96TB+OtCcDjx3AJo7wPMdWhC6D/jtCLLpCLl4hhUayC4TjplAcyegsRP02Qnuy4Jxs+AzD8jNA3R4gG4P0OaBcT3Qp+cXhDqD/DrfQigbLD0b5JQDfeUsQigXaMqF81zQ0C5AQ5e/I5QHssmD5/N+of9jAMybgAbTX+azEsxZpo4y6DlGLrgKnBMECWHwnIHP+wfPWTgfGTznUDieETznkQMvQw+iCagUTUeT0PPoOTQGbDsOUMuzkMXHoSyUCS8PnD0Dd8ShArjnJTQZ2iQ0Co1A41AH+LQ3Gg/3d4SzB9CL8IpDj7f2NVm/GgXHUfDMFHgfCXfK/4NRc1pHHQAjTYGxxsIz4+FuSscIeOb/bMSH4GwsPFeMXoY7noV7R+i9jdKfGKFzFAe9jIf3UrjnGej3ebgvDp6fAKOP0L/7fT9P6L1MBoomwOuF/+LbP/60WKdwMvQ7QR81C+j0oNzf3B26lwkYsv9V0II/+sOsGS+h/08D5+FWw2VM4Mh8hkYTG1i2gWcYkSWEvYbG+/+GfH45aXgai+KMRaN7jkQqivP7eYfmwGuEcfjK/waa2bM8CmVuZHN0cmVhbQplbmRvYmoKMjYgMCBvYmoKPDwgL1R5cGUgL0ZvbnREZXNjcmlwdG9yCi9GbGFncyAzMgovRm9udE5hbWUgL1NVQkFBQytEZWphVnVTYW5zLUJvbGQKL1N0ZW1WIDEyMAovQXNjZW50IDkyOAovQ2FwSGVpZ2h0IDkyOAovRGVzY2VudCAtMjM2Ci9Gb250QkJveCBbLTEwNjkgLTQxNSAxOTc1IDExNzRdCi9JdGFsaWNBbmdsZSAwCi9Gb250RmlsZTIgMjcgMCBSCj4+CmVuZG9iagoyNyAwIG9iago8PCAvRmlsdGVyIC9GbGF0ZURlY29kZQovTGVuZ3RoMSA3ODIyCi9MZW5ndGggNTYyNSA+PgpzdHJlYW0KeJydWQl4VEW2PlW37trb7S0JkE53ZyUgpulsBgK0YVEWARERxGjYIiB7QAcQCW8UlxEBkbALLQyiIiBBcEGB+eIygA+eE3QcQJgxzDDagM8v4pLuyjv3dgI438z3zZuurnvr3lt16tQ5p/76614gAKDhgUFo8qRxE+HJg6Pxzk7MJZPxBtj3b8fyXzBnT5g+bhb41twEQCTMN02ePvdX4L/zOAAN4/PG6eN+NQuk2m4AAj6HwIPT5ldD2ocFeJ0LkMamzZwwDuDIGYBOXfD5H2eMmz4JCkbhvXSKMjJmzayZC61L7gXICBjth91VEIbRy1fjdQSvh4KhK73/rfkvFGx6wFH+PfgVMH5/+F3Xn9rPP8yJ73J8ok7CusZDkszydO4D0IM/zPkp7PjEvHvjr9isJZj3rcCIB89FEECbePCYDz3gVhgO42ACTIJZMB9eg3dJd6YzD0tlHVmAZbNidgu7jQ1hw1oTra2G7tD5F61mwq+utXKbrfzYKsRKWQ82mA01WrX+pfV067HWD1oPtL7cur31t60bW1e3Tmy9m5+P0zi08JZ4y48t37d83fL3lostF1qaoBT+sx/FkTIQQQIZbaSCBhYctQ3s4AAdnOACN47bCymQCmnQATpCpxubs0+g2hTze/TrDtiDeZtQCBek7qCJZ+GgWA2j2fswWpyOeTHmd2CnmA9+sRQ6iF3hRcxH6Puw06zfAQ7KAVgo7oYnpWfgoLQX26MM+QpUG3LEOsw67GQ3Y/2HocaQybbDRHEDypyB+QzMxnY7xScxG30ZZ+zP6J9tBcXoU/4WZpv9X8Znj8HjcjmeHbBT/gjPWdBHuQhh0/PFwlDoin6yooV0iBjxI16iQTwzvFPN61i1uA1tJ4P/IAYJhjRIJHc/UcSnKYOChsZYd9AbY42xkNsZdOYEncFqBvEaoVP8Aq+T7T9+N0fKBzPS9vDvBCa50Ob+iAO2yVvtMmEKWJxMt+vxeEPYVVaGsuKxEAnm0uIiV2lQol6PS2D883XPr1pL8mtrF/PvfiDvnT5Njnx/ifc8e5b3SMrexr+jP5qy0yM22CZttdtkzSmBYNcbG8KxdsHuEldxEc0Lpri8Hipvq8UfyV+76vl1/LvL5MOzZ8kHl77nfU6f5n1/SMbMBTwMZVXm+NMjdroD6tkOSSQ4dLeix8tj4e5QEGtGyThwI10gU/gaI7Mqvohv54uScjS0Wp54CqVowCMR8Emi7JMkUfMpmiiJqlGmPiYQzIpPYILmUzXGhByNwS6FLZOopiqyyCgBVRIseuNev0AqG1JxXAXlTY0xV1lo8F2jZV25JOviJTn5N0rX74zJJJHaNK1AG6VVa4thMVmsLFbnas9om7VDmE5gOqfpLiVd9VtzlC5qwDqQDRBvU25XRwtj2CjxHmmyMAWD4UGpyjoXFpIFbJ64UJmrPs2WikuVp9V1rE5craxX9ytvq8fgA/IBPSb/TvlE/QI+I5/RL+RTyp/UgkqoJEEhSMwksAGJ7Q/wRTSfHKP5fFFiB1l3nOj8W/HUz11pDh2RtN1BjMin0XYaztDukRTrLtmyC5apbptMFL0bsygpIHjQu+HGmLOszHB1QbMRj3vBS0ilOxhgXg8LZjmDxFkYLikuys06SBcTH+nOT/CvOF9MlpyatWDBLPFU4utvEomf2fv8gekTJ04z+x7d+hX7gC3EvnNgU6SLKkEHvwU+TT0hbbafdAaO+4+lb8466lxrhaxUIc2m2iy9/ILN0zMX9WlojoXDzqRCTc3x5pj+18tXL5e5ypzorciQgrxegV7BPnl3BO4IVgYqgzMCM4KPBR4Lzsp7NvBscFNgU/D1wOvB9wLvBb3hjJC/b0bEf1fGcP+EjCr/Exm1/lUZK/wvZWzx783Y49crSSXJlLyeFBxgL5LjDBbbSVZmbnFRdrDQGHCmJDt7k8IAoy/Nmj32zknPGBF6+74lu74gDpL5h6XP1Xx4d83FuaSA2MiPQwb1u2Pl9PwnE0u2V1cee+mDt9LvHnbzzcSZ7rtizjXDJsVokw5QGukIx0kjsx+3NWpRJ4umoik6yhU28PTsqOOMNrChCQfOmy/r318O7Xug0+JOFHV13ozqtelb6kRdA+DUIRhOYcUDVw2re/nlupFrIiNfv4f/D3+VjCIFo19jvfiZcGj3pk27w935ab+flBIvplI/tPtJ1FAnD6J230gQvH8k6nGlUdxsJZ+nbXYdta5N7+SlitcG/ajN0TMd3dMca0BHJBVsMjW8XBbaV+Dr4zM09AYzyC+VC4CYtKSoxd+1bXx29qVFi/lifpLvJoNJJlFIL77ikarJ/6XTwurHHuvbj8dC3UkxSSUu0oP/blX1onkzruuah7pacKXpFnFLURdErUdda9PUCscQocLbMw21i7eb7nJof6m7T4fb3MINPkafCu1a4ZEeeWTRokfmPfroPJxW/fm7/Bz/kr9NbhMWvhaNvmZkAvxjHsP0MbmFeDDdktRlJx8l3o+66JAOPSO+1CictDuj4knlqH0t+VKo93WssEQ8DGxU9xlTLNxs6tXU1NwU05vQo8MyqjLQXjkG9nkxxMKGPhh67htUpS6+nlQP2jfvBNH41RPz9m2rWbiwpmb+/JcS+yRt2/hKfoAnMB2oFEpf2bz5lR1btuzAOEPXok+rwELmRwZoPgtYVJ+ignHSVEmWFJ8sS8yH8Cn4qCAZJ2awGeojBHIQJoExck6TzRIRZWKx6o2D92gjB+9xjBw7eI/LOHhGjh39NroicsuYhsYGZxJQY+HUNjxtR9A2FP2HawNS/wSCQ9UFvxoQCtRCoVztKwxRRwj3qeOFaWqNsEBdItQKy9Tl6hpYIawQ1kgb1c3qFmG3ukcw0iHVSIeFw8IJ9YR6UjgpnFPPqeeF88IV9Yr6A3wr/CC1qmGBWplVETQ3TWfpilvz27JpV9ZVydaKaE/WUynSQrZ+dDAbrPTTZtqWQi1dzp6Wliu12hpYTdezddJ6pU57WdpDD7FDyh7tMD3BTiiHtc/hJD3H/iidU05qf4Pz9Aq7KF1Rzms/wVWpB4K1SoKdSBCPFoysj/g0svDCRbIQzzv4E/Gf+BO0F83i+8iQxLnEETKev2jgQwc+QHSh3xykJNLX4QOHyCxWm2D3iSJDF+Ei5iNUNE4CdWAt5KiOHLtGdRG0zcqfBKjXHXaLqogCJSoDvd1pN/gLTH+lmrMXQ9JpgOq/9FhqmayYrtqGAU91TAEaocPpJDqXLqW19AW6gm6h++geMx3G1EhP0vOY0hhRBVHECJNFJYV4Ra/klbPFbClbLoZicotQIpXIZfYyR3/oTwYJg1h/sb/0IJ0kLaW4JkpP2Z6yr6F1Yp20zrbOvoO+KrzKXrG/4niTHBTeYnvUPdohy9u2t+0f02O2Y/bfOz6jF2gZGt1tGJzYSVdSjBOoD+lAqkk3AqSa59/23oYTs8belYrzIqHQH1tK3l39TY/BfnMuvwhPs6ksDxmuDYrrVWph7xI3Mg4grojDTq0ikl55vlWA+SKyonh5YwxXpyQENmPIl5WFiNeGmFrcdqK/4adJDncLx/kZks3dLO+7s2e/I7PfITVthSSGHMF+l13r1ypqwo39igqxymS+AMp8TcZ+y+ON5THXL/tVje66UfNI6BZyibux49M8SL7hXuz6DMvjy97hy41u2wtJ3oc7Nuoy+VnGAThHiQ10phvYWRALRdThYpU4S6wVmUEDnMGdaMH1rKplCzbF/Uo7J6MgmbKQZ7A/47UIqRELO0yWAWUpRJBQ3nGTU4QKTY53kOUk7hNP8bMtQ83xL+SHpN+a7TwQilhpikW3eYQUzenx6meON8b0xuMGSY5YhMOWZQ43Lo6HnQUIpccxcpHqIm7qYm90ctCZlB900jfIFv5e4uzkHqz/H/jZeDo/S7KE5WMTtfv6H6NPkY4tQxMbya38EJ2Iej+J60ln8Vvcew2JdAXvTrdap71h2ykF6vxvpO9078naKK3NT3F38IDeISVXTxH8Hn9AzcjX400N8Vhj0hnJhbDJYCn8e3MpJBnE4E2ZuXlOcylEIE8GZDuhKMkuNKiVJDSv2cR38o2rvp427dS6rVtfPvLW4d3PPfPUc1f79yV595PbyB3PCDl5R1Z/+bfcbJJfUjp1QvWUH8dWjrq/eybpmJp/6PCvX26zvzQN7WiBMRGLIhImqQSpndWkdg1OQ8WIJUdRRYowv0yTruN0JAXJtOITVWYuAtQnKqrKMMl6eTm7ZOCAol8S9UtjMAxMOCOyM3iQLKH3kn2J3XQOH837fMgXIwVcSycntsafoo8e5UOTOolXTd6O7J8dlpdRSUgBliILyP5jhlsLyg0vtjlOvMoXJz42BP3cle1tGSqewjhr56/UmBMYqbiPlJ/Ca2O++KFHxCF3c3dg9pQUzQHd0rsGDMHl5fHycjNq7Brbpfvty9Iswq6UDmkFZ3DUerNxDBFPSiryE6QlecjuSNDLjMVX9AaLs41CDmnesGPHBiYbx0Q5WUJmknF8M1+JrGUlf5GMJzPpT3VL7fRu+5N1dU/aE6/ZlwpzXsjgl/lFTFcy9u7NIE6ShsmVgeNo58LUfMeQ5DG9pXsgA7rgKOwWa+eK1CGZFS6b4OvZFdlfDElMYwMOwWmPqlu75kQ7+qM+l+dox7VdMdTKypDb6PHLIXce8tTSktKSnJLSVEnEhV0uKbxGbopu5DwzZEePh5Y/TL4Jlw0fwhe8NmCuuuqsSXkOIuFBykMnP7xo0cMPP/oonf5y374NtbFQfh5Tv/RkOkLDVo+9kQLlktx2bmT4BHGE7UccUcAJAWRlVsGWYrWl67LNpQeTe4vkHNajSkCOuuqd0YCx78Odb4i0zQ2vu71AkMnixJCNGSRlBem7vSOR3q+8OWz48GFv8vWU/HRuxB0Tpn99OfHf9J3CcDj8e57bp0/v3j8Ltcs2jKhJ77Ry6kubr+GbkEC9kpgUJfWISYhxv8Qkb9C5U7iTe1nV2XjbfrOGX5AEbGdPYpLDJhnga2MW+z9gkh5l9apNctujlmuY5O5NnMXX0YhkeXU5uHtOlfDxO60Qn9UKwqz4XWQYgdwEmdIY35K4QDrxC7QTrfLzlZ+a2NrOx82dL45jIsZONl4HoDyiseF233AXqGlB/UxDQ5tlUwy+Lm22HA0GohBMPZ7W2HGzd21QNzdOqLBxDiVxKCsTwafQMLGcYkJUnjMZIMEsEti26qHYBwv2fx6/ePoH/i0/+8W+8088/2t+/kX6TuSmB/sTIbR8zYeFvf78+i6MgvuHhX/Tbmd2Be2lon7uHEVQpXqKcCILNpBtkq6Zk92EINxuG0uWgTqaUKSqilKE+3RZR6pxaYyBA8S0GbvC1/M1/FlcuqcYSw4dmdiJa/ZOOrK9P3G4wW1h1jWsQ7/+c6yr/8+wjkTUjoJD0BSHzCphvxfJj6YIlTdCIK6IZDl5imdSkT/H100ylkf+BBK8ssSD5EQVX2noOht1DRl8DgIR3RKV6kkUVM0mW2wSQXLW2AaDMTMYcR4bsRN0GkFDZ7/ROUP4mK+P93+WQPa8MeTAgZYtQlUOH1jL4+12OIuyrTAo4snRZCooOF5Vsso2pqFBbGiQM6b4BmQrbRZw0SJFU4UiWZFpkUqKNE0V0fqmCxQT5DuZThCyBGOIG+NxsolveO+b943hJU7SELpjIb+PbEs80e7706YvsiMuNUoZ1MsWhdnE6y45Y77nQc+fuf6mx5lkFGSCwSr4JtN0o8irLVvIFzyvfQ7kmXPAAjf2k1xLonI9riU2YDbkqv9sLWGn28UaJotvYVUos32/RtFibX2Ye3GKkQvJt79svdlHR8QwOQr1IsFOJAUnfDyJGGEcgdfsQmHP86l8A59iAofwa5TXzt0pIoeBi7P5KHmx5MFZnA0FMDiid6twZWd3VG2peVahwt8zZGgeDiNy6OYsTusiRVM7nkzPgagt+6Qj82jal970tZatIdwzhpuaw01YVf9r+DIuXm24XurMRYuWtG8c81AxKSvTuCgMp4o409s3kZtunT//1od69epFqqeuTO4kV07l67HMrxINy9SOTx/CWsIjxg5yEIkPopt4xsD23eVA3oV8NpAMJAKmgQPfHcTZIHOrieNu32tSXJNNX/EL4ur2mFAQIsUo3tVkG8YFtVpNfzUa9jweCzeHr/nMAE22Op6aDIt3OAIjQ9cZ7ktcMOQ+jv6pM+eS/wCx2ewGuOhnUBjG134atdrkeihowtUmhMIyc4sR3D0pPQ3xQoivqNtOqnsMOYzS33hjFxn+0d4x5FNks0ZcIHcy5GaBkz1urgDdk/t77O9NvK9BKgQjTjFqs9Sjh8DmEq02i56WXNoMutxkrGRFecbyhU4pMdhoONWAWFzAhOrOecPffHNY586JAaT62FcLFi5c8FXiBLm/jz/j54BfuJXfc9fI/ftHjEj22fqVPM18FxOA3hF7RoU2JK3CKbgoziZcS+PlZ8Ix4zVCxO2NCk6bfNTTKWpzRinU29Z6CpqaGw1i0IwYaM61QkSUYBsdyMvNM17j3cAIcAI+76mrI5nXX3zUrfaswllzb9srEZyVfQ4/91z72r98xWHe+/p7EUPfPmijBebanwJ3RFSPaHNCBUa43tiQdExEy2FRjxTV692qMUXRUghDB7w+LcWnmtgT02MItw7z84EiyAI1P79UEtN3SJZVcjMpLiopNIFRIH8fNnbJkrHDEC5y7n7s8/+lQb7+sZ8pvz1CHL3jb5Nz3V+bunkjAsk6/iDOwTBvUvbLk7EUhBwAlaGkPqQ3Csxuf7Fn0g0Hbhl91ECOuayi5f2W99nVLv0i9w9thebKj+dXH7xzVFVxWWRqBZkiTzYfV/BPu3Ub3LtszIbxhz7q3IV/WNF32ICb7yvqMX7xiO4v8I1k4rXPH0NuyDvaPjDdjsZ73AAJtJ8HM94XcXUTz2MsPgqgFKGuGH9aNmbccmlnMMcALHht2QZgnQbmZLP1w4zt7Iho9nTMFwEctZjfAtBvwYz96HjPORrAxTBXYW4CcJdjRn3cKzCjfPcezN8CGJ+xPFjf8yOAdzhm1Mt7GCAF9UnBdqmPG1/lsJIM9xpfvxgiJwmZaGeUCaTgVbKMTJcMaCsLECBD28oMyzPayiKkkefayhJkkO3QF2aa38vmwBR4ECbDXPO72ATIx3MYQpgKsTQeawSgAuvMhRrMc2ASjIPpcBPeHQgzsP7NWLoVpmEKwIhrsmrMq0l4noRtHsbjRKyp/Ru9llzrdST29DD2NRXbzMDahh7jsM3/r8d+WJqK7UbBPKwxAeuOM6VNMluMM0cUQCkz8DgL64xHuVOwXgDbz8Tex5nP/lHOXaaUGtRoJtaf+C+eBv7t56NMrWuwr5mmJmHUvRBKf9GuvVW3a62EZNi3PoYx8s9+hK2mB9H3IBaK6/AyI3kWPodq6sJ5YVEEQWKUsr/BjNZPIdGqZVflY9hYh1f3n4haBFpbJQ/3kPXydPLV/wGCxDEACmVuZHN0cmVhbQplbmRvYmoKeHJlZgowIDI4CjAwMDAwMDAwMDAgNjU1MzUgZiAKMDAwMDAwMDAwOSAwMDAwMCBuIAowMDAwMDAwMDc0IDAwMDAwIG4gCjAwMDAwMDAxMjAgMDAwMDAgbiAKMDAwMDAwMDI5MiAwMDAwMCBuIAowMDAwMDAwMzIxIDAwMDAwIG4gCjAwMDAwMDA1MDAgMDAwMDAgbiAKMDAwMDAwMDYwMyAwMDAwMCBuIAowMDAwMDAyOTUxIDAwMDAwIG4gCjAwMDAwMDMwOTMgMDAwMDAgbiAKMDAwMDAwMzQ4OCAwMDAwMCBuIAowMDAwMDA0Nzg1IDAwMDAwIG4gCjAwMDAwMDQ4NTQgMDAwMDAgbiAKMDAwMDAwNTMzMyAwMDAwMCBuIAowMDAwMDA1NDgyIDAwMDAwIG4gCjAwMDAwMDU4NzggMDAwMDAgbiAKMDAwMDAwNjU4NiAwMDAwMCBuIAowMDAwMDA2NjU1IDAwMDAwIG4gCjAwMDAwMDcwMTMgMDAwMDAgbiAKMDAwMDAwNzExOCAwMDAwMCBuIAowMDAwMDA5Mzc0IDAwMDAwIG4gCjAwMDAwMDk1NzQgMDAwMDAgbiAKMDAwMDAyMTgwNSAwMDAwMCBuIAowMDAwMDIyMDExIDAwMDAwIG4gCjAwMDAwMjc3MjQgMDAwMDAgbiAKMDAwMDAyNzkyNCAwMDAwMCBuIAowMDAwMDQwMTU1IDAwMDAwIG4gCjAwMDAwNDAzNjEgMDAwMDAgbiAKdHJhaWxlcgo8PAovU2l6ZSAyOAovUm9vdCAxIDAgUgovSW5mbyA1IDAgUgovSURbPDM4NzFkNWQzMTZiM2Q2NmU3MDcyOThiN2Q4MmY2NmM0PjwzODcxZDVkMzE2YjNkNjZlNzA3Mjk4YjdkODJmNjZjND5dCj4+CnN0YXJ0eHJlZgo0NjA3NAolJUVPRgqgggaSMIIGjjCCBHagAwIBAgIUFcvKstWiT0ugek+g0d0dAkA8N/IwDQYJKoZIhvcNAQELBQAwUjELMAkGA1UEBhMCS1oxQzBBBgNVBAMMOtKw0JvQotCi0KvSmiDQmtCj05jQm9CQ0J3QlNCr0KDQo9Co0Ksg0J7QoNCi0JDQm9Cr0pogKFJTQSkwHhcNMjMwMjIzMTA0NDQ4WhcNMjQwMjIzMTA0NDQ4WjCBrTEmMCQGA1UEAwwd0JHQntCb0JDQotCR0JXQmiDQlNCY0J3QkNCg0JAxGTAXBgNVBAQMENCR0J7Qm9CQ0KLQkdCV0JoxGDAWBgNVBAUTD0lJTjAwMDgyNjYwMDMxNzELMAkGA1UEBhMCS1oxGzAZBgNVBCoMEtCc0JDQoNCQ0KLSmtCr0JfQqzEkMCIGCSqGSIb3DQEJARYVYm9sYXRiZWtkMW5AZ21haWwuY29tMIIBIjANBgkqhkiG9w0BAQEFAAOCAQ8AMIIBCgKCAQEAh8OS1Nyu4XdVtNGZEyQx8bBfNqojWxjIerUOFl+PMVEm9CevmdsKqqQIvyeF6CopibH/PdEG1iPcdvhkvehTDCmPQnzV9LmhrPVDL+Ch4mZ+I7qlnxhnYM2pGWqiVuZn13xymi3ytZmN4LgFPPZHUMr+z0bSsd+YW2sgApCQ/SnWepiOSsViNgujzgQL1fdXLGLm7iUftsh+n5tOFKuwChrIJMoozhVoJCsF5LLNYN2msOij73XXKr0BQm+oI8i6qsxw6q9wKPXJDUaXD0Erbll5NnvEp1/0X96zBRtDNWdTVJs/rMO4zgvkdC/tN0gXhmPqTUsKYShYQnu3WuaLgQIDAQABo4IB/jCCAfowDgYDVR0PAQH/BAQDAgbAMCgGA1UdJQQhMB8GCCsGAQUFBwMEBggqgw4DAwQBAQYJKoMOAwMEAwIBMF4GA1UdIARXMFUwUwYHKoMOAwMCAzBIMCEGCCsGAQUFBwIBFhVodHRwOi8vcGtpLmdvdi5rei9jcHMwIwYIKwYBBQUHAgIwFwwVaHR0cDovL3BraS5nb3Yua3ovY3BzMFYGA1UdHwRPME0wS6BJoEeGIWh0dHA6Ly9jcmwucGtpLmdvdi5rei9uY2FfcnNhLmNybIYiaHR0cDovL2NybDEucGtpLmdvdi5rei9uY2FfcnNhLmNybDBaBgNVHS4EUzBRME+gTaBLhiNodHRwOi8vY3JsLnBraS5nb3Yua3ovbmNhX2RfcnNhLmNybIYkaHR0cDovL2NybDEucGtpLmdvdi5rei9uY2FfZF9yc2EuY3JsMGIGCCsGAQUFBwEBBFYwVDAuBggrBgEFBQcwAoYiaHR0cDovL3BraS5nb3Yua3ovY2VydC9uY2FfcnNhLmNlcjAiBggrBgEFBQcwAYYWaHR0cDovL29jc3AucGtpLmdvdi5rejAdBgNVHQ4EFgQUFcvKstWiT0ugek+g0d0dAkA8N/IwDwYDVR0jBAgwBoAEW2p0ETAWBgYqgw4DAwUEDDAKBggqgw4DAwUBATANBgkqhkiG9w0BAQsFAAOCAgEAI9orv6HqfFk4BSFgdTi68XjeGqIjkiLl+Xk/5uaomyIHy/jnKlcsMAtHPFzFk6f03IPJjd5cVK5UTty42ie/ePJ2UHWPobRLhNcGb4q8ixVA4R01yR2OcQ0ZqKA4yAUyU94E1J0J5pC66nkRlPQNdaxDHE3GYbD3JygrmzOUvywQnlJzjXFGGNBge3But/h9OrrIeBoQwUl4kqUnspfFMhN/SNZI2uqUPaoxrP8KAxYfs5YWanPV5Gpg0LAEkvRG+pKaXYSdm78FjljANRTdbH2eVuhqCtCMBilqeGxI/X2NS1WpkjJHsXyRkzwcvTkGfQaPH+/25vMDw8v1pb9a3wavt2Umb5u35GjS0q4GC2a3jZVhJQOC/agCvf5A0K8OKkhKG4XbxQ++Ov/0sBW7eKGABA1L/JziJirv5meWUE4Ct3qGZugffQoblC5dTxQuXND2LwuTIxkPW7mfbhSxruj/ygsKaCZjSAd66xXtARLkRQDF6HYhYVgVk4c91N3iQ3bbWhmx5xfYVC4YHdWmtsBYjWjPgkEUwmNxhCtR0F86GyBIz6RmOpAeDBYlcr3CicTxl++CvwBH6L9uo+U+hxUpDC5LFu5iSBxsrEkm985TNVvOb6fVUxLtoxgw8GWVnlYUonigcKQ/8vJGY3YCIti8GX5WjjtvWtOkZ8LRDCgxggI6MIICNgIBATBqMFIxCzAJBgNVBAYTAktaMUMwQQYDVQQDDDrSsNCb0KLQotCr0pog0JrQo9OY0JvQkNCd0JTQq9Cg0KPQqNCrINCe0KDQotCQ0JvQq9KaIChSU0EpAhQVy8qy1aJPS6B6T6DR3R0CQDw38jANBglghkgBZQMEAgEFAKCBojAYBgkqhkiG9w0BCQMxCwYJKoZIhvcNAQcBMBwGCSqGSIb3DQEJBTEPFw0yMzAyMjgwMzQ3MDhaMC8GCSqGSIb3DQEJBDEiBCAiim4SZMqQc8xAUcSA2KfTK1kzbfdiGbVq8qEfh6qRrDA3BgsqhkiG9w0BCRACLzEoMCYwJDAiBCCe2MmTbZfUUhEfwucKQxM4YxyeZ6/Lplt2ZFz4/vSw0zANBgkqhkiG9w0BAQsFAASCAQB9cPiwZLx7Qxte7oLWNJsHouWfGIBmkvGGMG7Vfjp6gYlACZ7iDyG+rCvnRiA8uL9em5B+aIUfwsl+vte0p4Bs0WmrXwelHhBI+NM+bEQET+QG3BpsinPRKarm/WPjrkWLzqEajM3jx7gYtxGDd+ZCprO4VXk8VL4Wa7L96sTPqCGm4gUEyHF3CYrQCawI9ROMeRYsyYeW7r10ZLpEn2UWrV0obVobA3QVhvX69bWib8omm1GMZZ9PnNO9k+tWjxW9mNwa/0PxyTf1kUIWU6ECphKyCtj5fH5IUmQRdYzopy2G9tsTkwhj05MZ735/9aiDmasjf1hBF2Ca0iBOqrIw','2023-02-28 09:47:07','2023-02-28 03:47:07','2023-02-28 03:47:07'),(5,56,23,'MIK03AYJKoZIhvcNAQcCoIK0zTCCtMkCAQExDzANBglghkgBZQMEAgEFADCCq90GCSqGSIb3DQEHAaCCq84EgqvKJVBERi0xLjcKMSAwIG9iago8PCAvVHlwZSAvQ2F0YWxvZwovT3V0bGluZXMgMiAwIFIKL1BhZ2VzIDMgMCBSID4+CmVuZG9iagoyIDAgb2JqCjw8IC9UeXBlIC9PdXRsaW5lcyAvQ291bnQgMCA+PgplbmRvYmoKMyAwIG9iago8PCAvVHlwZSAvUGFnZXMKL0tpZHMgWzYgMCBSCjE4IDAgUgpdCi9Db3VudCAyCi9SZXNvdXJjZXMgPDwKL1Byb2NTZXQgNCAwIFIKL0ZvbnQgPDwgCi9GMSA4IDAgUgovRjIgMTMgMCBSCj4+Cj4+Ci9NZWRpYUJveCBbMC4wMDAgMC4wMDAgNTk1LjI4MCA4NDEuODkwXQogPj4KZW5kb2JqCjQgMCBvYmoKWy9QREYgL1RleHQgXQplbmRvYmoKNSAwIG9iago8PAovUHJvZHVjZXIgKP7/AGQAbwBtAHAAZABmACAAMgAuADAALgAzACAAKwAgAEMAUABEAEYpCi9DcmVhdGlvbkRhdGUgKEQ6MjAyMzAyMjgxNjM5MTErMDYnMDAnKQovTW9kRGF0ZSAoRDoyMDIzMDIyODE2MzkxMSswNicwMCcpCi9UaXRsZSAo/v8AUABEAEYAIAQ+BEIERwQ1BEIpCj4+CmVuZG9iago2IDAgb2JqCjw8IC9UeXBlIC9QYWdlCi9NZWRpYUJveCBbMC4wMDAgMC4wMDAgNTk1LjI4MCA4NDEuODkwXQovUGFyZW50IDMgMCBSCi9Db250ZW50cyA3IDAgUgo+PgplbmRvYmoKNyAwIG9iago8PCAvRmlsdGVyIC9GbGF0ZURlY29kZQovTGVuZ3RoIDIyNjUgPj4Kc3RyZWFtCnicxVjJjhzHEa1DnniiQC/EACSLhGGLgJjKfRnONGd6uEgaQgNYPBgWdRBEyzAgXayDP4qf4J/zi6hcqnuyh5R9MBrd1ZlVGRkRLzLiRd1SUik1r3//+fdb2zezcU4qG+eYnHQhzW/ezZ+/NLNW0s9vfpznbz8VfxAbcSZOhJpmEYUSV8KIp8KLU5HE1ePv5jdfzS/esCzrpE+QFZK01o9kOay8gpznWBvxfQU55+IY/15g9imuL9cSrYOuOszRBRl1XCTqOUnTlJvkNE9qMtMT/Cb+pf9mKAYKKqerYisxs7gjjsQDiHovbkMfBU09bE6srYUHzsUF5hQ8cS628ADZf4p53BtuZbS0wQ+2uhDPIEStnYgtaC7h+gBXz65xfHcrPGZndtMzrNXsJDhsuKlKMqQ82PQIGxJ2L1h7JU6nf48EhBxwtQM/fyLuinvs6cwedvhdPg6jPBSWLMJgBNpdfI4g7HL66xT4oyY9RXzpo1YfC/Fj4VHJEPRA+BF0/S2E6ykMF/ooc/IHTCStvpi+mbbQjbS7nP4yFOK8tCoPhNwW9yHikbjHobIBiqfiUmRg+Am5XRzj3zUwcLQeDbexRgY7guNrChfhKPg5VilozicSbnnuHkLlbHoiHuL6tCD+GeYx4vu3EUiKAg8ethz16kBE6CyzH4GIyGRh2BTn7u2njF9EMLx9jJk4eZxCgu8J7sahaBWlSSMI7+MYPISWuI4W+uxkUAMIYcYfy6k5w/Iz9rOBo7arU7bBE8eYKYcXsye8xsONofzfcrIb5hCftMxmBP1NWeKEfb9/8NPY5z5kafwI9o3YTvPOEm+ky+nwkun76ZfpHQDZuTYR18vCn19h0gY7/2tW81fzt/P8Hf68u9V3itJnM/88O6WlN33mp/mbHSt8kD4OIgexQmlb3MX3PkdjrSppCSpA9fbx0DHOyqwGEQOr6DMv15V1I0OaMCONUzDERoOUYNvMviFWS2NG4QZDcHah9hI1G5igGFjK2VQ0bRmTgS8Z8JkWnXA6X4KMIkITsOKSTs5nQ7t1kt6rQUA4rHyKsD3l2NuK14c8p7xM0R2Kj4/0mHLSaILeepxArdrMnsdctlLnNPZYT1fzjiNCg/91OTzqgDEugVEYMxC/FI2EJLQUFSogepV9bjTPxSRTUBzZFBCqzeybh4BPLozNu8uF8oDi3ksdBzhSbqY0CYU9UqaH8hGfNKWPVN1b6VVaq15m9lV3dIpHcYAE/jfk6p8REP+YfuJisaDhQdY2KB+7JhmcGQvknSLeOOI5v9+jin5nOZKDyna2Wcs4ZCybSooQDBtOzomTNOfNtagAQ63DIc5SV+qyI4mq4m+WZA916Fhe8PHU/HtcivGSjylLn0PlC9RR2n9z+CDzdykohvVbdPsas+f4f8ZF5zmTtb7mV/JfrcEirZptCNJVKmX2Im6fk/v/k3VU93ejnkPO4ur84LQUrusKCyIDrngDx4pftFp8uXLcdZWubnT4KecWCqFNKcjbkl0WR21ZB73K3VdcrJd9njM855jdcKan3NR5Q2VvS8HH/5H1hgJ8lLofikfM7IlyfgnKSWTMIFt5zlvoYJgUuwYUWUUn0jJkrZZ09K+4Y7lgF264UVClJtzgoPkOP71lZ285Bb/mjoeM3SA+j/GbCdvjZp3PMhqYpg1qikXS6TMWLESDoKHyKx4GQ3wNZNnyMCH3/ECPK0uPO6nB4T26lqB4aJlhgRaaNsTjYOzK9fuRaUdbDRaJy0p6kDm7vnuQyaauWx0uyvPjdcJlP7fVBukkd+laJm8WZZbdQX7QRjTdtHRghU33ZYjHq23lfrW8rK6eadKr58ru3dOs267jf5h/nH/hFFhiDZ12UKPk/l7Q0T8uCdD1SrvHidEELFF1jubELz0/gnCV+qsKSqHCxzX2mPHRN+wxzKAs1UJwRaPTCntMOPJA8Q+GAdSr+q8MO/b1fvF+XV3Q6dILenX3gm3VrQ9J+Ya9yVkmcveymobO2SqdhjqGjr3JCUrlij0NI7h30b0OG/bt/mJ5W714ZiV98VzbffFr023X8fvYmwxlzIhyfRh7yyT0BJ/LEf5mgL9J5Aq9wp9mUs4Vf5OgAghntRJD0OuOP00klSv+NMzBNx+WYcO/3S8I1NUFoS69IFh3L/hW3fqQlO/4Y0KTy+vqIGOIXToaGaVW+GPCWNvwx1Ch0Wm6L8OOf71fLS+rq2ea9Oq5snv3q16FQ9V9H//kkd5GnPhm/DdcFp4Xpncywt+O8I8KRvg1/vRCRtuGP4Y59SiPOKE+rPCP1Dy6hj+GIbb8WYcd/3q/IFBXF4S69IJg3b3gW3XrQ1K+44/uOfnY8MfQQYsqnXpr7Vb4BwSjiw1/DCP636p7GXb86/1ieV1dPNOlF8/V3Ytfq267jr+GP3qSHEbd9nvxiDkOkWd6JXTMXOacXwy9LgxmO8LdXWN0RuGcWb2/GcqRKrv96c6AAxmXZbCD3AQORPuHkokU16BOijf83mzdIM/C7JGbNP26tzrHexzVGDj9BhUn/YEOrAmASyIVRGuQbIxtM7UDa9OHdpr5CG659TIfeOt8UjgdmUxHGFQWlHHHNOqSFWrkf21aF1BNQ8lFO2L2TevTHzBtFBsGh0MP8pb4HecktYQjs3zHDFg1xF/gGz6qD9hD3Vic+6wPb87k2yDzPeEX3Px7s7O6yCiVp8JokgPgrs20TnyxW0X0BaOu6HNQ+ktuWv9HK3XKS/45uNVtiLTcdebSheabrewig9SG0r9xSL3RtJldK8HP+S3E9ab8AfcwhK8tGF9yP3a99zseRI12IHRpFDVHWP+s+GlfliqvwF15Wbb0kWfUdYovl86qNOGv+gu10e4aXhh2tDfv3ttyXd5N964zDfYh3mjHrWN9k3y8iG3NaGAnHk6mFEZX7TVbNTKVjONYmdPy7E6aHagXkdBG3UbzQhp4YbNk8MI9DFD/or0Mpx7XcON5rU1datN+2Jd3pgtmmqVu2fRTNpki7FnPOv8B/dT1GgplbmRzdHJlYW0KZW5kb2JqCjggMCBvYmoKPDwvVHlwZSAvRm9udAovU3VidHlwZSAvVHlwZTAKL0Jhc2VGb250IC9TVUJBQUIrRGVqYVZ1U2FucwovRW5jb2RpbmcgL0lkZW50aXR5LUgKL0Rlc2NlbmRhbnRGb250cyBbMTAgMCBSXQovVG9Vbmljb2RlIDkgMCBSCj4+CmVuZG9iago5IDAgb2JqCjw8L0xlbmd0aCAzNDUgPj4Kc3RyZWFtCi9DSURJbml0IC9Qcm9jU2V0IGZpbmRyZXNvdXJjZSBiZWdpbgoxMiBkaWN0IGJlZ2luCmJlZ2luY21hcAovQ0lEU3lzdGVtSW5mbwo8PC9SZWdpc3RyeSAoQWRvYmUpCi9PcmRlcmluZyAoVUNTKQovU3VwcGxlbWVudCAwCj4+IGRlZgovQ01hcE5hbWUgL0Fkb2JlLUlkZW50aXR5LVVDUyBkZWYKL0NNYXBUeXBlIDIgZGVmCjEgYmVnaW5jb2Rlc3BhY2VyYW5nZQo8MDAwMD4gPEZGRkY+CmVuZGNvZGVzcGFjZXJhbmdlCjEgYmVnaW5iZnJhbmdlCjwwMDAwPiA8RkZGRj4gPDAwMDA+CmVuZGJmcmFuZ2UKZW5kY21hcApDTWFwTmFtZSBjdXJyZW50ZGljdCAvQ01hcCBkZWZpbmVyZXNvdXJjZSBwb3AKZW5kCmVuZAplbmRzdHJlYW0KZW5kb2JqCjEwIDAgb2JqCjw8L1R5cGUgL0ZvbnQKL1N1YnR5cGUgL0NJREZvbnRUeXBlMgovQmFzZUZvbnQgL1NVQkFBQitEZWphVnVTYW5zCi9DSURTeXN0ZW1JbmZvIDExIDAgUgovRm9udERlc2NyaXB0b3IgMjQgMCBSCi9EVyA1MDAKL1cgWzMyIFszMThdIDM0IFs0NjBdIDQwIFszOTBdIDQxIFszOTBdIDQ0IFszMThdIDQ1IFszNjFdIDQ2IFszMThdIDQ3IFszMzddIDQ4IFs2MzZdIDQ5IFs2MzZdIDUwIFs2MzZdIDUxIFs2MzZdIDUyIFs2MzZdIDUzIFs2MzZdIDU0IFs2MzZdIDU1IFs2MzZdIDU2IFs2MzZdIDU3IFs2MzZdIDU4IFszMzddIDU5IFszMzddIDY1IFs2ODRdIDY2IFs2ODZdIDY3IFs2OThdIDY5IFs2MzJdIDcyIFs3NTJdIDczIFsyOTVdIDc1IFs2NTZdIDc5IFs3ODddIDgwIFs2MDNdIDgzIFs2MzVdIDg0IFs2MTFdIDg4IFs2ODVdIDkwIFs2ODVdIDk3IFs2MTNdIDk5IFs1NTBdIDEwMCBbNjM1XSAxMDEgWzYxNV0gMTA1IFsyNzhdIDEwOCBbMjc4XSAxMDkgWzk3NF0gMTExIFs2MTJdIDExMiBbNjM1XSAxMTUgWzUyMV0gMTIwIFs1OTJdIDEyMSBbNTkyXSAxNzEgWzYxMl0gMTg3IFs2MTJdIDMwNSBbMjc4XSA3MjggWzUwMF0gMTA0MCBbNjg0XSAxMDQxIFs2ODZdIDEwNDIgWzY4Nl0gMTA0MyBbNjEwXSAxMDQ0IFs3ODFdIDEwNDUgWzYzMl0gMTA0NiBbMTA3N10gMTA0NyBbNjQxXSAxMDQ4IFs3NDhdIDEwNTAgWzcxMF0gMTA1MyBbNzUyXSAxMDU0IFs3ODddIDEwNTUgWzc1Ml0gMTA1NiBbNjAzXSAxMDU3IFs2OThdIDEwNTggWzYxMV0gMTA2MCBbODYxXSAxMDYyIFs3NzZdIDEwNzEgWzY5NV0gMTA3MiBbNjEzXSAxMDczIFs2MTddIDEwNzQgWzU4OV0gMTA3NSBbNTI1XSAxMDc2IFs2OTFdIDEwNzcgWzYxNV0gMTA3OCBbOTAxXSAxMDc5IFs1MzJdIDEwODAgWzY1MF0gMTA4MSBbNjUwXSAxMDgyIFs2MDRdIDEwODMgWzYzOV0gMTA4NCBbNzU0XSAxMDg1IFs2NTRdIDEwODYgWzYxMl0gMTA4NyBbNjU0XSAxMDg4IFs2MzVdIDEwODkgWzU1MF0gMTA5MCBbNTgzXSAxMDkxIFs1OTJdIDEwOTIgWzg1NV0gMTA5MyBbNTkyXSAxMDk0IFs2ODFdIDEwOTUgWzU5MV0gMTA5NiBbOTE1XSAxMDk3IFs5NDJdIDEwOTggWzcwN10gMTA5OSBbNzkwXSAxMTAwIFs1ODldIDExMDEgWzU0OV0gMTEwMiBbODQyXSAxMTAzIFs2MDJdIDgyMTEgWzUwMF0gMTAwMDMgWzgzOF0gNjU1MzMgWzEwMjVdIF0KL0NJRFRvR0lETWFwIDEyIDAgUgo+PgplbmRvYmoKMTEgMCBvYmoKPDwvUmVnaXN0cnkgKEFkb2JlKQovT3JkZXJpbmcgKFVDUykKL1N1cHBsZW1lbnQgMAo+PgplbmRvYmoKMTIgMCBvYmoKPDwKL0ZpbHRlciAvRmxhdGVEZWNvZGUKL0xlbmd0aCAzOTQ+PgpzdHJlYW0KeJztz2dPlUEQBtAnVqwUG4KKiiBiRUGqYEFFBRQL9l7//y9w8+aGYPwgweReyjnJzGR2dpPZ5D9tKbF1Wb8t26u6IzvTlF3ZnT3Zm33Zn+a0pDVtOZCDObTsxeEcSXupR6uuI50lH6vNjudEVbtysnZyqsTpPzboLnEmPemt9Wer3JdzJffnfNVdWLp9MZdW/deVu/yP+ZU67LBWDDR6AdgwrjZ6ATaVaxnMUK5nOCMZzVjGy9lENbmRyUzlZm7ldunulJj+6/Xd3Mv9zORBHuZRZjOX+TzOkyzkaZ7leV5kMS/zKq/zJm/zLu/zIR/zKZ/zJV/zLd/r+lcAAAAAAAAAAAAAAAAAWF9+NHoBAAAA6uJnoxcAAAAAAAAAAAAAAAAAAAAAAAAAAAAAAAAAAAAAAAAAAAAAAAAAAAAAAAAAAAAAAAAAAAAAAAAAAAAAAAAAAAAAAAAAAAAAAAAAAAAAAAAAAAAAAAAAAAAAAAAAAAAAAAAAAAAAAAAAAAAAAGDT+vUbmFsVVAplbmRzdHJlYW0KZW5kb2JqCjEzIDAgb2JqCjw8L1R5cGUgL0ZvbnQKL1N1YnR5cGUgL1R5cGUwCi9CYXNlRm9udCAvU1VCQUFDK0RlamFWdVNhbnMtQm9sZAovRW5jb2RpbmcgL0lkZW50aXR5LUgKL0Rlc2NlbmRhbnRGb250cyBbMTUgMCBSXQovVG9Vbmljb2RlIDE0IDAgUgo+PgplbmRvYmoKMTQgMCBvYmoKPDwvTGVuZ3RoIDM0NSA+PgpzdHJlYW0KL0NJREluaXQgL1Byb2NTZXQgZmluZHJlc291cmNlIGJlZ2luCjEyIGRpY3QgYmVnaW4KYmVnaW5jbWFwCi9DSURTeXN0ZW1JbmZvCjw8L1JlZ2lzdHJ5IChBZG9iZSkKL09yZGVyaW5nIChVQ1MpCi9TdXBwbGVtZW50IDAKPj4gZGVmCi9DTWFwTmFtZSAvQWRvYmUtSWRlbnRpdHktVUNTIGRlZgovQ01hcFR5cGUgMiBkZWYKMSBiZWdpbmNvZGVzcGFjZXJhbmdlCjwwMDAwPiA8RkZGRj4KZW5kY29kZXNwYWNlcmFuZ2UKMSBiZWdpbmJmcmFuZ2UKPDAwMDA+IDxGRkZGPiA8MDAwMD4KZW5kYmZyYW5nZQplbmRjbWFwCkNNYXBOYW1lIGN1cnJlbnRkaWN0IC9DTWFwIGRlZmluZXJlc291cmNlIHBvcAplbmQKZW5kCmVuZHN0cmVhbQplbmRvYmoKMTUgMCBvYmoKPDwvVHlwZSAvRm9udAovU3VidHlwZSAvQ0lERm9udFR5cGUyCi9CYXNlRm9udCAvU1VCQUFDK0RlamFWdVNhbnMtQm9sZAovQ0lEU3lzdGVtSW5mbyAxNiAwIFIKL0ZvbnREZXNjcmlwdG9yIDI2IDAgUgovRFcgNTAwCi9XIFszMiBbMzQ4XSA0MCBbNDU3XSA0MSBbNDU3XSA1OCBbNDAwXSA2NSBbNzc0XSA4MCBbNzMzXSA5NyBbNjc1XSA5OSBbNTkzXSAxMDEgWzY3OF0gMTExIFs2ODddIDExMiBbNzE2XSAxMjAgWzY0NV0gMTIxIFs2NTJdIDE3MSBbNjQ2XSAxODcgWzY0Nl0gMzA1IFszNDNdIDEwNDAgWzc3NF0gMTA0MyBbNjM3XSAxMDQ0IFs4OTFdIDEwNDcgWzcxMF0gMTA1MCBbODE3XSAxMDU1IFs4MzddIDEwNTYgWzczM10gMTA2MCBbOTkyXSAxMDcyIFs2NzVdIDEwNzMgWzY5OF0gMTA3NCBbNjMzXSAxMDc1IFs1MjJdIDEwNzYgWzgwOF0gMTA3NyBbNjc4XSAxMDc5IFs1ODFdIDEwODAgWzcwMV0gMTA4MiBbNjc5XSAxMDgzIFs3MzJdIDEwODQgWzgxN10gMTA4NSBbNjkxXSAxMDg2IFs2ODddIDEwODcgWzY5MV0gMTA4OCBbNzE2XSAxMDg5IFs1OTNdIDEwOTAgWzU4MF0gMTA5MSBbNjUyXSAxMDkyIFs5OTJdIDEwOTMgWzY0NV0gMTA5NCBbNzQxXSAxMDk1IFs2ODddIDEwOTkgWzkwNF0gMTEwMCBbNjMyXSAxMTAyIFs5NzJdIDExMDMgWzY0Ml0gNjU1MzMgWzExMTNdIF0KL0NJRFRvR0lETWFwIDE3IDAgUgo+PgplbmRvYmoKMTYgMCBvYmoKPDwvUmVnaXN0cnkgKEFkb2JlKQovT3JkZXJpbmcgKFVDUykKL1N1cHBsZW1lbnQgMAo+PgplbmRvYmoKMTcgMCBvYmoKPDwKL0ZpbHRlciAvRmxhdGVEZWNvZGUKL0xlbmd0aCAyODY+PgpzdHJlYW0KeJztz+lOQjEQBtAv7isqKu6KG4KK+/s/m80NMZEo14BBf5yTdNrpdJo2mdDMUD6budqe+U/Zwsizi7W3LZWxXMbKF7XVrA3trKdRe+PkNmrqm1N4w3+x9dcPAGAMzSpuZ6ead6vY+qjuZX+wOvim/zBHOc5JTnNWsnbOS7zIZa5ynU5u0k0vt7nLffp5yOOg6ynPJb7k9be/AwAAAAAAAAAAAAAAAAAAAAAAAAAAAAAAAAAAAAAAAAAAAAAAAAAAAAAAAAAAAAAAAAAAAAAAAAAAAAAAAAAAAAAAAAAAAAAAAAAAAAAAAAAAAAAAAAAAAAAAAAAAAAAAAAAAAAAAAAAAAAAAAAAAAAAAAAAAAAAAAAAAAAD8yNs7GzoFYgplbmRzdHJlYW0KZW5kb2JqCjE4IDAgb2JqCjw8IC9UeXBlIC9QYWdlCi9NZWRpYUJveCBbMC4wMDAgMC4wMDAgNTk1LjI4MCA4NDEuODkwXQovUGFyZW50IDMgMCBSCi9Db250ZW50cyAxOSAwIFIKPj4KZW5kb2JqCjE5IDAgb2JqCjw8IC9GaWx0ZXIgL0ZsYXRlRGVjb2RlCi9MZW5ndGggMjE4MiA+PgpzdHJlYW0KeJy1WUtz2zYQ5oGnnjpNZjqTQ8xc2mTGQUAQIEBLokUpjpuXNdP6luSWaS/tpZf+qP6E/LnuLhZ8aSXZaXuwJS3x2Me33y7Ab7TSWhfj/3/+9s2+8OdrEFZ1VfxV6OJN8aEoPsGXzyD0bi6rrNJlXQTtlW2a4o/CWWVN0wt+L345NK9qShoWvIV5LPB1o7QxNG9zW1iYW9eFD1bVti5uPxcvXsEsZYrbX4viw9MfHzz7VNy+Ka5uxV1cpWrfjLWrS2Vqe1I9sEI7O1KPBWP1xHm1ViE044ksmRkGUnSTb7RqQrVvWP44L/Nd7vNtfpN3+busgP8tyBbw2+Y635Bsk69zB9I2NyBb5SHfgfQyb2m8g6cbkL2Evwt4/go+AzwJNAZnWpjZwRgN8xewX1wV9yhxZxwLq76EUet8ySugdAVzUZsr+G9BtuTRFlfpQzKy0wdV6SDYiXqg9qiLG1mA0lck3cL3t0fsUUchwABF91eNHwCaBCcAisO8NyOAVhAxo+cAtbVy1n4tQEfaMUBPqTfCY1QvCUbqHQPoaGKSTA1LgXMGnhohcA8hADcMywrCruFbyB2BQ5McYbnOzuE7QmUNI1CygdBtSXpFshWH3VHYMcS4IqwBa76Dz7f5FQELR6ZfhvfF1RA6GwKxYXh38Pc9jL/gdZYkLfJHWZH9nT+W4AlhNFrglztrRGlF3zzIX8P3DVj0Be3EPfNyL5UQyL4H8Zc7wrgCeDRuBGMWnIIxDKu9HmBcB61KW81hrI0q9dfDeNAuwfiEej1qk3osGKt3FMbDRJbMDEsBLq3yQQsBfjLjHgTmBQELA/WWYLnr4VZSaBfZx6eA8Y/PCAaRQSOHrREQPeSn/G0YNBFELm/yn+D/crJ24nUc+zg/y5/ETwLRD6QjMD7IMHE8AR5hJDLuoVAytzqwcgPrYfJitVjS6uiJmr9vKI1Rk4ps3JL2a041R+BvSf8trRlrSPQjArqgdQ3xNqUIaJx2STxvaOeWU2cBn9digp0LFtahgU+ppuxXp7Ti4v+pLgg6V4YhLZPgSFriPGtq4Fw7zEuCE+mMy4emGtIZ5znbzNIZJKopBQ/dLZ1HVnE6nzKLJ47M4omn7BqlfbSLBWO7jvHAaCJLZh5JmKlhXS2Vs++OlxTuqDYxQzF7ISerLGTwmT8g9NeM2I74I2bVBSEQc62jbCrgewf421InhzjD1R9RNmvAa9xhRQyyopKKzLIj1llyWduN8izyRytlhytVZeSStoaZHXGApaKUcnbKfS2X5DVlLmoTvbLjcndAFyp1LWWQ5540EEd0MHKbV31/intUPGIohEN3Ou0KbyQbq6BqJ7H6wd4XmTuSsEPzigeSIcjs530TgXZc4yrZC9Sced4xNzW9j1bENOSl3t6WEIQeexgxAb/Rbr3no92+jySLjVONl1j9nt48dj6QfDRRP/nHUCVyNPiCZ5/31Qm5/nVfJ5q+MWxpPxydaiFUEcnWsoLeQeL3QNUpVlv09nPSoiMu7wi1mJOPuG5+S7ah5Uv287F6FvN2v6KluoH+PKP9PEgtV0p3j9z+cji6WqvaSOzU9V3Gro9f9GbUAHsGx7pfEudcUo4nbJ33SMBnG8ZwZCz0ID6/xvWzC0EvF7xqpON3VsYmaIqOBLhrak8SnaUk2VF6zFKLGgkpvZYMM3yy6BsOLO5vKKCO1i4xHEReuCo2E88pBCU5xNMZwMFO0R0IxSCZ6Z0yXqITtMszyTteI1K047Jh2aGBrJP1iKcgx00QnRBmJ4rYnsx9owXPDEAdaKYRmlcKPIyJrZDUKLraKNdIlBLIpzGZt6D1qofXQHWptRpS0pE/jGjH4LMS5i0IkiW1XyN0wO+FpOehZiYzEYTTeknUJVD7cHg0xMCY6SvOrnR4nHJ1hNyOb0iGGiiNOsnpx+qeZHTllbESI9yP00WHGqtcLWV1FR06PtnDFj3lzBt5x+SCR6GUp8OTKf1S4yQUQ0OOsX0ooktXtNKSUbcG91tYLbYlW8LbUig38oHIlSW0iFJ2y9qsWNIcKHIdBfeaABGDb0jbrucu6dBD3AP5HBj9+z5LzHKwVE6yjQugYK9tGmVKKa/nxXIaIRksNkA7XUnZZ1P2UW71dTMSY0dpHnvmmDXJsA2pMHTZbla5Qj92Gh7HJAfBYPeljEt0GlfETNswTQ7Vbb9UjehIMttXKtRS/t2ngM3L4YtJMTzPYucQAbEVAlIQ3boR99yN60SL4ERWBinrXQyklK+RrXUmXxu7nhc6yoc1jHpLF9I3dKWxy6Rr5F2WDguTVpmy5tAud22TrQ1wTpVy/T9sk5nOp/DcpssfBvn4KJkqdyo1gRKmJYZooXdInBGPZ7jTcNe5IK6BiitZWzkVKinTkR0MrDplGPY8XU/N0uagVWq8L99eVMGooL2w7xnZMO653LSxTCsAGEMoBTA+z2YXYGC/YUwsUyHua0ZgVvQHPNqRB+ILFOpN8IiTbptabk8jYziC2ksqPtv0hNgjMs97en5Bb17adAdGWYtJw9QaM8lzQoZ+WcylVvID9DZGO8GTsT5sCQ9RATPuIRlFS9p20x/Y91+ovIf5qQ/GbBXjaWBj39wpGtG/MQa4bty1I1vv8gpp2qlqJrX5tZ3O5pd2kVwvuHaOLgiz4WXYdtSX7r2QSraWTtVaevF2+iJwWMU0VtVeyAD22CUXP81dSurDW+4w9EF+uSFsY4l8zbGdt5/76Ep9ErKFO+Cx2PKmC96oR3+xnLqLjA+TksWQ81oLGXvg8izxNRU+0mYxKY3CC0ySW0pHLHPX1Pvof4VsY0vlG6nofYwvsjZ0nT+6FBVef6e1XAl9Fd6KInnBlyTgm0an8coTxlUNHOaFGoR7no06nXcnd+6XBJrQNr7ts0C9TS+Bvf8BPavTZwplbmRzdHJlYW0KZW5kb2JqCjIwIDAgb2JqCjw8IC9UeXBlIC9Gb250RGVzY3JpcHRvcgovRmxhZ3MgMzIKL0ZvbnROYW1lIC9TVUJBQUIrRGVqYVZ1U2FucwovU3RlbVYgNzAKL0FzY2VudCA5MjgKL0NhcEhlaWdodCA5MjgKL0Rlc2NlbnQgLTIzNgovRm9udEJCb3ggWy0xMDIxIC00NjMgMTc5MyAxMjMyXQovSXRhbGljQW5nbGUgMAovRm9udEZpbGUyIDIxIDAgUgo+PgplbmRvYmoKMjEgMCBvYmoKPDwgL0ZpbHRlciAvRmxhdGVEZWNvZGUKL0xlbmd0aDEgMTUzNzQKL0xlbmd0aCAxMDc4OCA+PgpzdHJlYW0KeJzFewl4VEX276m6e++3t6STTjorIQRJSEggEuUaJYIyGAWRICAgIC5IAGV1hIAkMOCwhKAiS5BFAoqIDiQYFTWAbDP+h+AMDg4qUXAMyPhwVOi+/U7d7g7R8T/f/73vfd9Lp3KXrlt1zqmz/M6pGyAAYMI/PGiTJowdDz/O/CfeeQVb0SS8AdZtH+P5F9gyHpw8thK6Ty8GICK2aZMmPzELTOt2A9BZeL1l8thZlcCfmYqD+bF/ykOPzZ4IQ4ZuxOsSgILmx6Y8OBbgafyu94/Yf/vjYydPgO7H9wAU1+MYUDll+hMQrhoB0LeePX/XkNx8uO/BHnh9AK8HA6OVjm78x9p/JT5gL/keAjKwn5Pv5wRjxx8+Dg6yVShn8JJ9SSJNmqwnAdj0Hz6+eretwrjb+edhoxdn3LcAT5ACKAUNBCQqBdIgG/rCrdAfBsKdUA5DYTiMgLEwAZ+bDJUwHWbDTniL9KR/5eP5BD6Nz+C78HeluLJc4VA4zDjBMbpCd7gFxxiAY9wFQ6JjPIhjPAZTcIxZHWM4cIwkY4zc2BjhL8Kfh8+EPwmfCreG/xz+r/Afw8fDR8Ifht8Pvxd+J9wcfivcFP5D+Jnwk2EIjQimB9OCKcFAMDno/WzI6aHwKPy/+KEoIR5lIoKEslXABGaUlhVsYAcHqOAEF7jBA16Ig3jwQQIkgh+SIBkCKIFUlEGnH/4ETDQGXQrA7YKDXAB2Y9uC1xvoORiPx79R1AwhDmqwfY5tDbZ12MZj24BtObbt2JZiq8K+l7FtEGaDQ/gtHBHWwHTBBkdEHo7QkXjdD88HwXT+JJ67oYY/F74qzIWbsI3kz8NcfiJMxftT+XaYSovhPdakY7Cf/9K4v5/PgSl8M/TFdhPe24DN6MMDHO6YExv/Oc6jwQQ2t7wBugqpSH8Qv9sVoYXRwI4GHUgjo0M8B7PFIrxeDosNWr6FSn4fztkL9guL4VFGk1QIZfwtsEgowHvY+FN4TIJBooLHvlE68WjQirzwDVDCaBX/gmMh3cI0vL8f1kj3wH5pCfZ7GW4W78Z7bJ7xMFVsRl4+gieQn/Him6RA7oXrxuzhYW4o5MAkXGmKq/wCsyreQ7145PHORH0NP1HYgpohQYJm4a+BeI3IwjzKQ25La3tPcLS2t7bnudRUNTNVTZ3IQ3A6lxj8Ul8j2X78bpqYjWMc5HbQr4VTxhilml0gz/BQJfOCCALlZUfwzt3OoXfudg29f3gT0PCBPhXBM2zgKyXt+XlEs+cpmlKujFEqlXrlXUUaRdR0nC1dJVN20IwdwqnQKZrDmmHju/Xv6FzRiVrbW7OLz8NzNqsEnFMEl8nmOMNmwUlMbJI7d9uNc9D6VLTlt6vFxThnsD2PiNTjdsald6GFvZy96dzqBQsX1a+pW/2c6PxKv/n8eb3vl9+QQ5+dJS3tON8WnG+KMV9As0tsPomA2cm7ZMD5Sq5cH9dV4HV63FRKL3IW9qJbcMi6NfWLFi4Une16ydnP9Bu/+ZIcPH+evG/wsSHsJB+Ajtbo0yzcBlgocjzxQbyIQ7Uej4zYu8DDpbsun9xSdY/+in6AaPjceHKWzqMLUdbqXlhHeQK848xxY5nyXKme1PE0MfQlXbiFzfE3/LML58C++2AhZcPzOG5PyDXGTv/byZO6znQkXEr3GOt3g+aGBEIJTeCAK6UboYqnQLjcFoPJK+15dw4ZLjmEi6xVpJECkk7lHaEfcZF+mhzxMDXhc/xy4TJ6ljhI11xivRPqLSudy+IVvz2Z83sS45GCK2z52660Oy7lkTSqOpwF+U7VQbPyQXVAehr7S5euW78ef9evv0YU/Ydr1/QfiCKU6yf049hO4NQFpBcpqNen69V6jT6dPEtmkznkWcb356jhI5AfXHrNU8rV87ReqJKgXpEDop+DADE7WqPaQZh2tLdEhJJ/hak6soisvWnn7Dwd1TtVFQozC1SUrE7u0F8gE46SO4JbdvDTBzQOuHpqh7GWa3C+O5BnP2zQsnwJiVy8XxV4UAWBL3VsUldb690reahH8zNRYvLHOTgxiVmFB63CO/T+O3e7DdPgmNaizR04oDqLo/R0Erlwkez2O9S4YqROy7+XHyYMk+bwc4QZiTU+iQfeh1EnUfA/ATPEJxOmJz7hXwDVvgUJCxIX+LfD9kR1FIzKRDYKi6D3zaSwV5f0NFEqvJkU5PMetyiJQJbQ94KDUJAFY3/zcvUDJ2fNaR1+gbj73+/Tr+zYsWMmWXnj5OcGzlxTeuvxnvkX3h+5tTJJ/8bgfx2u+XTkvytUaj3A4zJVK4HqFFe9x1qv1Ir++pTa9JXiMs/mbK/fBZzb5++S4vBz7oAiZjMxeIfGJKAYEkARoFnFGSrX3nalrd3x1SWH8UG5oMNQxiePDYxNGZ/KwyiSTDxuPjWtS1ZhMrJShHzlkMLIyc8Y5Pqt3Kx/pF8YffiRoR9Ofudw09Zde+s2bH5+yDvTph+p+IpYfs9lBlpWfPpdZuYHPfPXLH+mbtvMyulzM7q8mZLyX3ue2sl0ezyu8xbUK4reoEpLIlbOChxnLQXOLNULhKtSiMUEflHmLYYvMiNjVoMxC2OstaSlPV9lK9vWiq4PeTGWlj+Cy3uELWo3M3RDeFGBkGIm/A4kL8mBLiSHKyKDyV2Wu6zDyETyJJnDLSJWXEyFpHIFKpoxc5eFnKhTohfqp04dCY0WMoPnuBPBgu16PRnzQdTfnOPHI+1JMFpL5xMktdqRlFAvuesdS6y0Hqqsy6QtyXF+YuL8YHKIyY4g6bwyjk4e1cFsBhfJ0XKJmTGzY1wgvSWyPswJqUzq4HHDzxaGrcennC9U331496skQ2/Vvx39waQRBx599ejRV+/eNFQ4tUNfZbfrl/7xT/37lJRjPfP2rlu3N6OL4VeWI/1rDL+SAcO1DJcI1moL1HvFer93q6PesiRtpX9ZpiVN8fuSXX4uNZCYiY4GFanNcDVtwbbrKqS5j8ExcoKe4E7wx4RjInK+J5mOIqNImuhxeyPUEk8Pkp5GuRgr6SnMLaXme+mWxRs3LsZGlEEvDvrwpL3vnkc/J4J++Qs9pF8i5SRx0Itc3/0vbXrrrU0v7aezGzO66N/p3943Sv/2m6/0fxiOahzZmgzGumxHnZqE6yLCg1q8oFKOciqPfkPANeEEjqCDFyVH8HiLEWdy/80Fs0Ua/jYGXhYcJJBwndTefSo053BKRC5BKBYGCA9xu2G3KKHO4OKQdJK6nTsQ+uIk0UMFwqlhV6sEFlrR+y9FGS81ZJwOuXCrlhmPEs4S65NvqHeuTF6WtTkv3pLRze/J8NsV9OTozu2piXmOYEv7lZZ2Q7gxmzWuitFYOwk0swd6nYyCfC9zN4bZpqdlFPYqcsU6oH7QpSu2bl2xYttWfeuClRD++1l9ZdWqzfoPP/yg/7BlwMqFC2prFyxcSQ+uralZ+2J1zdphKXvmv/HRR2/M35OSdmj56QsXTi8/RMY+sWDBE9gMvalCnmqQp3hDb9KlgI9Ug6/etJWvhyXeQL1jpXdZpuT3p7qSIS3NbzXUBhmIRaiv9O9jWuNt8b2fcCDxgP9A0vvJLQFph7PZ+bWTQ73pbei402VDjYHCXlAQ0ZW0LiTGGErh80Hr7kRtuXHPY5/p14jjC8IRVX9d/3LQOnJzVKMCqCvESpzDRhL7N18RrxHcNur3J9PnYvrEeLqMivMBn27gLb9mExfy2zC8owPiIR7hFvoWFj2uRII88xCXT55koZ5P1w2ZGNjDeF6BTM2FaELawC+EbSZJFogPBzEZgxgwpC3IorQrMpCBRk4yPIJDhU5HMAlDlSBMMvyiCd7XbgEVQYnAUxb/iGriTKBi5sGZJAyKIrupqJxJZl+g55TqmN8UFFkSeY4SUAQTRueWOKbsJW2t7TEvaQTAjoN8MWYC7LwibU+KhZBRWqmd2Kldsst2zM5mYGa3DBSJyFTkFN5LfHQYGU7LLQ+RSXQWmUGf4qbxM6VZcg1ZTOdbnqcvcGv4uIhjZciGS+XSabN+iWbqc7+kxX9eHHpg8SnBFvJxu67mkHl6lWEzR9B+25F3GfOnFLSZdB/UmZQ6ZxWpM70aUM0ydfkCAtj8XsHn76GA38mnooblI8ozYpwR6NuZwRTn7bGnIRdETY1oTcdJZmpno0klteS2zevXb9abSc7qlStX62bKn786/6m6rfrla6EL9Ejo05qlyxbRifrNU6ZNrdx24PUlL7lTjj3/4SfoIqaHzwlZaA8+KNISrJtsu0x1KtkEu/i6uJXqsgTJZ4U8tyOBkRg1AUbbvy7lvWlPDCRSJI/5xagvLOrtsXVceIWsiecXhEG/TBwEFpyf+MjFZ/RX9TmkmgypviiMO/XAaP2w/lf9tH549AMnBwwgGwmuBNl4u+EHmRyXohzN0EPziHU8rcMUoo5/1SQQRcKYxFsYSa0tLR3yytsTsKK4jHgTbUe43aEEejhUTH8M3szCSdmO0LkdsfGFvsb43TW3XEdfxRTFJOLIQh+FxIYPGpZT0oYneXvKjdER+qkFkYTkyFH696NHQ2lHMSVZR8dfzWEzRccmtQZ+7rEPXqNsOJ4BGweLlmAgTANzE82aJ2hCuTBGWC5sFEQ2Oo6K413NidH4iIFbv9W6yqogCpIqioIREAxrKpUFynHwmiIKhBdlNpE5IhYDVqDNxsVARScD4ZmByBwzkFVuSniqyF7aVegq96ZFQi/5dlom3CrfSx+iM+hMYSFdLCyXV9MX5fPUg3YjKGIi55MEtFYpnusq5IjdpCK+SCgSC6U8yy2cxvcXNFGTNMs4bgxGsoekmUKlZSm3VPi9uFxablnLrRfXS3u5P0gHuYPSX7iPpQvc1/wF4R/iD9yPwk9i91FTYdRUFARJZXZnSHkD4UOJXIL+r1ABk/USOjM0IHiO/inUM5JjMB0+3SnHqHNCXSTH8NkLOJ/HwXKMYOccg2logZFdZEW01fjLZZ3RQ4Q7c4YQPXyG3Ehm6Yv1Q/pBvYbMFgbpjfqX+ld6IxlAEkgiGbBFv1/fwLwx2YLxGyO4QQvT22cN+3fBjVo8qXNAnVLldJhkzKAFn7WfCn6Fd0e0S42LxHDMMjSz3RPw9PM84HnNIzCjL+iwdYSrfA5KgtTqz65d+6zeh3x4jVF4TT8q5Ib+tKqmetW2c3/79IvQdtQZlm+9hLLIgqe1EquF2sw0OZAsK1Qy0UAgudRkTg7wHgKeTe7V8XUqXwerM9HQuyabzIFECdISfbYbJJ87ravjTAvKrA0jneGUHAbwRsN3HFJjSmW7iKfRA6qUPRtVam8gOzf7rmwu4heMQBf4FVCeS2LRnx8w/fgDW9+YuW3OF3/RP9XPP/Lt/Lnt015trlk794ujJO77hz8RthzsXTR/xoMTAr6c03tPf5aX+1H/ssVPP/5UIP6GAzsPtSEgJOGrKHdWc5DgDoyAzFvwREM/oQmyoxXRniHn/DzERyaGj2QDH8kgx/CRC5QAOIiDBiSHoimVykZFGcUxP4K2LvLfhi4dC11CF3L1lGDY5k0d/mOiJlp5EUwWDFNn0B+9OR/mmegonNmwTGaFeXfuLi0frrkN81VUk9lk2DBR8XFBcrR3/Gpu/EoCWeElEBReJNTEicSOPxWuAoXgbzr+kqrTZDp58rSeQuG0PlKv+IR6omWRguCPdG5oEZfEaByJNAaQRgVWaImcKsmSzABlqYzS4eoEmQNSyoNoYrmJMpRJhkF7MZJ2tkUAZvu/IUxNEyjavpRNu0h9pAH0dmmArAicWQazl0uQHeZccyFXLPcz387dId9lvperkCdyD8tTzDO5WfI880azNwo8WfJJUqfzdcFy7vC1m7jdwYeEU2uvTdmxll9p2NJc1OUb+Lno/zKhGTPpgDlOsUFDnNhkU1OqA/v9TemN6rI4C8Rx8VZFNgc42d2/C5rW8db2/PwI/S1tV4Jo9IcMNKoWM9z2eF5SXnJeIC8lLzUvrV+WlqQlawEtRUvV0sqTypPLA+Up5anlaeVZlVmLkmqSawI1KTWpi9JWZNVnXc5Kjj0aeyj2wJjkMYExKWNSK5MrA5Uplanzk+cH5qfMT43vnEfcRHqr6YUMFnZBpFuQ2jkr9dJ3zr5SNeWFpsbGfs2LXzkWukboy8+N2Tt0wjsj/tdlWjBx7rjpp9/MHhSq2jFx7HsvvX3AOW9pjx47srKCbK2nhs9x51FWPuinJUI1Wczbqq2LTU0q3xTXyAK50woD3P0xkLfFArlDv3LJ8f0l5noSHYnzE1ck1icKpJPhFkQDelo0oHPnB68vf+PQoTfK1w/+zdZRIf1jcgMR732JL3wlJ+fciRPncnJ2ZGSQm4mNOMmN6cYaIl38CNGNmNAPfTRfQhPY3E2CvMzWSJ7j4niQ6e2q09w/yagC5RtAtY1lDy2X8vaOSZ6fXJ/MGd4wKjZqOG4v6ZQjcC81Nt74+lPHwhA+9tTrocMvr1q1ffuqVS9ze+non9q3jx9LbiMyfm4bq3uOnT9/DFuUrnkoLzckQqWWAR6iVMuLBU8DEZos5K34JmejZZk/0UNljwx3Uqe9v98gscWoxTDxRRLIK5FcILtfUmVSfdJHSZeThH7Qj/Sj/Tz9EoXuUq6cq3Q3TYEpZAqd4pmSqIyaykScajjC63AJg5FkiF3i5wX3WE7se+TwuAc/elS/oh8m2cEviNRIty5e22Sjo0e8c7hXr13dupM+xERc5Fb905bn3ty1gcn6PVSE2ShrlgfkoBd8h38dmjEPkHko68gDEMDjijs6aqyCAWqMtOC9Rvzhx1yrF91fM526Pl7aPniOEhnKOuqFmtURhS6VwmVBjAyCA4jun9rZs5iYSEko3zQYoXURnUq8HcQkyWOpSUrhGhObfQ4JVLssi+WqbC/3x8sJZelGTAxiVDSqXSUlbVeMAokTw43myssoz6jMWJFRj593M85mhDMUlKNhNx6kPpJUdT4p8Bhf8tn9Dyx47Z2maU8u39Y0beaz25qa+u2ePWcnt+SpGd9/ERpJN2xa986WUA3d8NKL724O1fBjdj007ino0N0nkQeGK+5AXNHkhCZLI8MVTvvdnNPT/xe1Sy29n28uzBXnSfPkeco80zzzXMs86zzbPPs8xzx1rrPed9mn/ryq8LMS5/TVr+ysq33lldrLxKlfuvxP/VuicmfPHzly/sKHh79ep3+ot+sXUSGKcd3dpI9B4359GL8FaWT2dbOWGLOvRtsy8jbXnIS2dbthZWXMwvLzI9S2xUxMUyI29lkyT0ZldkgNqaHookgsVUVayfSmphtfn3scwuHjc1+nfdDKXmZte2iXaNoxfqzerP+In+ax5JuYkRk4ewr6pcNIXxacj+KRIVE4MuQ6HEF/tYR3V3uWxDN/ldl4HY/ckyjbJNmd1r8rKyu0/gyPoAP7njkw58/xSAyOQBZDuJP9Jr/Zb+mBRtjd3N3SV+lr6mvuazGnQArJoF1NXc3dXLnuXE83b9fkroHslOzUjKxqU7W52lJtdTIOKBVNopmzcFbOxtk5B+fjErhEzs8nKVm52f2yH8ielz0/e0V2ffbl7HiMbFN/CXzE9H8HPkWomdzSwdtHLFkybnW/lq0//HXEB49NPDR2wbIJO7Wdz3/2x4lv8v12de06dKg2MNXW7YUl6/amp79TWFhx953lmfaMugUbXonWi/oi7pnNjwEzuVUrE1QR02aV4yV2QIBBCadSSswq9jSpiomwgxnzeklRZVkqNUk84WV4l0V044zKooUVw01DWXHvfpaz4B81AgxY5sIKgNdBQksEwXZKNGLZ+M8z8tg1gw/Pm3jelMB7TF1MN/E9Tffy90nDTRNNM8gcfob0hOlZfoHpBX4j/5y0yrTCtI008K/xW6XNpnqT38TxgqCYzAmcR/AoCeZsrouQqXQzp1hvJMVcb6GXVKQUm/OsA7kyob9yh1mzVsAwUkEruPuEYWKFNEweplSYy61TrLPIPOuLZLW0k2yRdlv/ZD1rDVtzWapP0w2IhUCLH68/Snac1vfr+0+TN/Rpp0k2yebHhM6G3iON+gB6B/XqU8lyAwuiDc7DNbCTpdqtkkwVFexMzAB2m2oHu1W1WIEdbFaEfhbVbDaVWs2KA8xCDfe2zdzssFktJkXkQLbzdrMjtgCyIXZzJ7GbIwVxQ+qOtny222Rgml8VvcxqI3H5TOaXRRBkUeGsXlOc1WFNtxZaB5ruMg22jlBGmB4x1VjnW2utThMgEWbBYraZ7XHEQx28Q4gzuc1uS4ItwZ4FGWgxKXyKkC13VTJNGeYMS5a1m62bPUXtDYWkkObxeUIfU5G5yNLHWmwrtuept4BGNKphVqhFskK5VOlvut060DbQrqlD4W5yN72XK+fLcX3uxfW5T7nPdK/5XkuFrcJerk4kE+kk08O2h+1j1LnyLNss+xL4nbLIvMiyxLrEtsT+glJnrrOsta21bzFvsey07bTvVv+knlXD6gRcS8FGIqX/foStZwGtHbz6qdrHBg0tSNX7fkBGk9EfTPpwztoB1UP5wcHV3GMRn78BnuUz+XRUditUawO5CyzXvkCowA4cFUEkFwAx8wWzxaxckBULO5gUq2SVL0iStVShZv68BNtsikWgEgdTBJM0xfK4zREMlrSycn8EP7C9zuJOuXls3fiLv7zG5fMoxEMKXZEDn6mfJDfoOemRA5/+LoKEK++Sl+4hL3WcRnh5D3kZcJ0XywWrRTEp5gsmpPcC+gALMoFeQLggCpgW8Bc45O8C6rOATKOnKLVglm/wYpGJAPIUk0SmcFCJvJQEW0vanb/Cy6/zELuuSHMxFhSSGTm8R07pOcjFSbIndsan66Pv0Ue/SyzE8u71U+jANxhL2FsL3TUz3wjvUp6hEgFjm5GstOVpKs/34m/jHaImlotjxEpRjmATF4KTkQzc4ADI42EhmysWB6Bk7tNs5suYb71hQwUkw9g2bntrZD8a83JgqREmjLbwAXzKhh/NSBiB+cdO7vFt9k2kRzSldBVEMF6BAfcPzzCPvW/YGOsM04aVKzeIA+68845By1esAIynneql3o4aQqSG6IEemiVOAZ+jB2/2e3gvC+IIQo/3BM1irvNUufk6y6tCnZvlaWw/loXsVFYndLEKmFE6yCYqH2dUB2/bvP6xkIMMvkYc+k96MHSB7FtaE/q0ht++Tdc++funn+CcjJ7Y/BRxT6wWx+pQxt40X0eqQKK8n/AiKvXxlsguhLElqh7hNoWyjSyZ8TFBf1f4m5GTx0EvzU79NledzxHH+a3uurh4Q8yO1uOIS5EbM1dnrXJ67RDHmMnPP45s5rE3DDwOThSKejt9pKPwppKTdLWeWBmnv17dZSw3a8eOa3/fsYOvatWt+h9uy+k3i/SiXUjC1VO6h9yiv0u+ifK01ODJZ/DUFUCegdcueF4zy6x8phC/BdyOMyWR+hnqk6aWWi0OF2a3VHZiMm83YTaPX0eDnebFfF5WWZ7OanJUFWRF4fEjOUpK+IvMB8uOi4LjYgXRXFYi24hkJ6KDCCrhnYQDx8Abr39Ak13UIVhli+IoiXxIgRrN+JHlSFgi3D+O0h3fh87S207qLl0/quu66yS9LXT2e8rejEimX4TeCM7iiP617iX/IHHBMLeY/iaUbPDMakNrjX3ZfpolMeDjunl9SqaD7brmt2LSHGRq5U2oS7Q4Ntl3ueosmZu67Eqrg5WWZdnRyi9raBUkskkc27X57zdb6cB/kT6/X7hys77+0hy9rfsLDU81f9T0wfHWNzZsPlQ98sTUduEy205NDbSs+OrrUv9HFTkr6qJ7rfG/Odg1LVYHLTDqGLO1ZE5VFFlGK+dKZU4RX6Mof1YQLpL8Im8yCn2RzP8XHtaoegbMDBPmFcl9uAHy7dzD8kRuPttpUBQPn6CU8QOV+/jhygT+YWW2soj/nVLHr1U2mh0YTdgaGBpIhIKW0CP65Ra6htVp+c+vBYRT1wL859BRV6426kIV1/Wqo1odUStzKVMpHjXKJF7HTv9zdYpWRw3FOHKU/plwoXfpA2dCV/Vvj0aVYE9wdkQJovZs1KooJBj2HauXUkj6WS1cgoDm4OukKioqPKux+yX2ug6aKcv5Sph7iRqg0DdS976aI+RcPcXcRsxvPGvMk9wxT5YxTzy77qjRsXfw2F7JbAykjxh7nVYIwE2amuow+RJs4PEnWb2cT3WksMlLSoIlJQYJms0KdXFuT1VAEuqSbIFcZquOK2eM94ZsqIveuALjVYYsLoMlVJmFBR6enQiedM56+quvTh873dZ2+pj+gd5A7iM3HSM3kXv1nfoHx/iX3McPHjzmdh87ePC4O+iIQ+ig4OeGuKVL4/RT+vf6D/qpuD1MVujTvjTWN1uzWJU6EP2ofdRY4Nb2EsOEZJFWmWV0lOjIjl8pyctm9QumO+i/hL7Xfs/2DXagubJaInNSzFcuRtkcMny+FzTNHM+7Bb8KPsUa52hliQ8r2miWUrHOUaV46rhXXQpbkOgrOPs8qsmL8F5hxURHewUrj6DrTEPd65JR2Csj21g3Ql6sW0Vu1A+tqtMvkufHh4FghkD5o/p3+gw+a2ENdS66Now+m9Dwlz9+djWHzgwtiaxrrA5HIVLTqWS1E7E3ak823KjZXO6c/llO7m5/qlPp3y0SodpbW5j/9Daoz3XLaBKTmxQ/NIrLuqEbKS5mu8FMmWK5L5fVpbBX76KMzKLecSK6SAn/FMV1ypLpb2MZ8b8kUbjxftKXyHOKCnrecPXpQYdd0oKT0cSZn9uRI+cR/5czs+tnNNVToq5yE1Xp/uQLfWaui2XTTP/2o8xvRtwe2avL1aw2pzdNcPpBkZ1lxq4c84pGdIIGU4rS4GwmDSm5MR94fV+u4N/35cT0VDKNiE8/88zT+tXvJj3zzCR9GNl7sPWxR+YtO/+xXkx5ffkDI0aMJkf0o0PuuOOu2hWLHpptj39+2potEK2fcB8hbRhz92K0lUkZi7bsza43+QbS3Cnm7ue8oc38mNpgAVubR/UvhSR8TkQ9YjFXtjob4u1eTra4Grxx0ZjbEou5DZZm1WMDb4PrFzFXwpBbpBZ2CrlvYb7z2xn6X+/vOo5+X1sbfKK2lrtxmT7+TFHXe0+ShtZggX4PSdS/JLsMnYnV1yh0MfgpQ1v/FunqHG/l/xxvm/8/xVsiIb9Z0Xjbbx/5+mP9cXL8oF7z1r639JqD5Lj++Mfka0wFv6M2/e7QXbToiF5LJh8JHaWvk9dC3xn8Lgqf4z7kn8JYO1gz+5xdujmcnCfFlO04w95nimiVN6U6sJgVsbPdDZ5spdq02NokYqi9EtxtufPu4cHEKxVM0352nUeiQfc/vuHE1JC+/9TvdP1SecOI23eMeq5hzZLVLz5Rs3Tm7ZvGjtsxqOXcLDoyftVjr+71+3dmZlaOGP7o8xVl2siEpJfj49c/O6oqqoNGbUFBvOAxom0zFcxlLN7KIMlimclwerh27ZFt0ki81UzXY3RkW6PCiJ7pLHrys/eF2tr30UQGxbmFwd/yY4LzuCpDZ4z5RDekwWAjPuTD2vDxKB0rWY2jU0xF1P/rMbX5/z6mxhZ//z4qfaEPJef+qE8/uC+60HeF7qaFH+q1SM8gpGc6y/chQzOpZSZZMssiwbS9NRIq95kbRPQUgC6abZ8UFEZtKd2wLHHQ3j630e8b9bnDR7/gf/p1cnAfSuLEFL38/T9BzPaFu3B8C/xG85aaJMrJyJciWmxlksybkHUrsn4mEpVZiTTKrJOqskkxNnooAkbVZASEiw5EPxdlxiPbUjVWAtdjP7GSm0k/Ym7SjzXqR5uQTSe9hJTsDmXR08HyqNyrDLlnaW6lgfLQLJmtZTIvC9cX4IwRmtjqn2HvvF7fHt/fRO9tagrtxJH13uTItXrKh4IdvuFJwzd0i/FrzBPBHw1SMxU5WSkDXpbKfh1/8FWRgZngggX4aER/orVQCjmxeYw9EQoZxjwlOM9kYx7/XoVwsgiy40yr4VT/wEkN0CwYe4Su6K5fCd9TL/2DXmr4Vu5EZI5YrYdCD0NHK/Vh4kPGHn1XKIBSTS3sn+1MtYg+OatHAjid/Xv9AsM4u8tNyZ5G33O9enJNGfZl5rd7IapmQKYt8gI0C3q9VWbLRI1ueTjRouNQrsy0nZHabJZqVGcl1SjO5q6cO27atHFzV5LPihcOefnrr18esrC46fop+SzWgeZ+c3g7dW8/fK2EFo8eTAqJCz83DRrNVmf0IIRGF/FzbPDo0GHuNHYNtW8/zPiO1Rkp3BBZM4wzbkM3ujIc1CCiR+BkauhEa0k7w0H7RNqMMKjh12AQXxUsZvpRW4v2X8AWUb+n491ZwHFV6KuptMFql5rBVUbsskOWJacRvwx9a8PYvBt20/SBu6277ekD7xn+OrU2hg/spnF9KvIY+EFQgTO54xgUKlC5AXrDCxNHNvYqnESyG8lfHhjWSPz690/27Uv+da2+w+7E5w2esjWrtYzKnEk2Mz9nMBWM2LaJis0gNwjsddySEhYuI0xh4wXySdPVtCZyuqmWO3GtPsIaxOQl5Rg+I1+zq9YGtGKzKBsic0RGjwhNM4km2my3ROXGBNdJclHpic9HZsHprgswJkQKN6P/6GH4Dw+rk8T1dzk5m1mWTV5HyxkGaozgLzeYmyVbg8XeIOUyVGAgMq+BXNRU9FZCahTgcFM/Po+QpY9eRzOIpP9EpKcXLqTPbd6+fQt3olbvXRtBMhDz4cKLaHPp0JNPM9DiuMg+RQfWckGmZvb0B6ddMKOVuyM4i4mWbzArzQLDIm2tnUoZGJdTo4RxcxYinEJYtTCkNRGbQVcxGTRiNJLAPa73ZjRF5B2z/Xj0oYogO10DJBv4EG0cv8K2wbQ4tj1qjq+GxbTJKzWIb5mbHI3eZT4jz70U3Rp9XTIPfJ2KA8uHvyGJmqFZvY1dUZQPK/JLhUWxV/uypm5YX/tnV+hDmm/ZeHjtpvXbiEhu0P+mh9+uPTVs5ye1D58d9koZmtc/EW2/PyBSzwqfEwcZ+0vJiKPtKf0Vp5Nzxlt8SbK/LGDIpSTi/DQHNNkbE8Umz7JEX0Oyvzkxt81YMmPVOr+lWuQsiMHqLPYmcIHK3xFFx6Gprp8ux4D0T8pHjY3XN5f0999Bc4iB5x4/hn5Ar30L0vgErluasW5eKNEUtyCr4LyelRiRV2xwNCueBo7lJK3/ISfpi+6b5SSRHRDmY9MJmTN/5o8/zpyPqzrsibV/OU32Nn2p7+WShowmY0cGl5NvEpYsf2nTtXpyWs8C4/8dvubW0dnoeR17aQN8zRPIPRT9hwv27w5cn+CHdPYKpgOkAA4J9wkm8ONFfhxzq+AqMsCRBERMRw8RSTzIwSx3V9VqI75vb65J8abqT+t7424fYE3r0assh/5em+Um7xPvAItiy9bzQsEM0f67F7K6ZcUz/58cHip7pUHGnitGM4X3FBRmIXu98dOP4J8oLPPEYJkdM9UkwidwwSAf5Lk1x0RRlF1x3YePTMs42/jQe6PHvnHXYwsLikeM6CMNMroEQ7t0vXZurxKPLyGQM2yE1n/Qxvf7FDffWvZ4Rc/RhRXDFkxY2/FvWLd1aruRb8y0CftfPnZ+BpWOx1aOrRWJxz48NqE7NlbU3g4gzQdAWA7yZ8jLm9iuAJiwj1nDdhnAgnmqBfta8Z51GYAN+9jxO/sBAEcjgNoV23EAJ37nwms3zuXG/p5mAC+O60XNj8NjHNITj9/58JjYC4xCRBI+l7wOG/YPoN4FngFIQXpT3NgQc6X8FRt+l4p8pK0GSMd505GP9DZsSGcGxvcM7JcxEttjAJnIeyby3gWf74IIoEs7QBbSn4W0dkU6ug4HyMZjN6Sn21PYcMwc7JeD83bHe93HY0M6uiPt3ZG27jjvDTjmDXkAPXDxeyCvPVBePRDV5OJYuS0AeUhTHp7nfQjQE2nId2DD8JKPzxfksf+ZREYlGMH+N5FXcE3yDBTBzgl48SpyTgETvug5h/cHR895PB8fPRcgnsyJnovgJqvgVpgClTAbpsHD8BBMQttNQVTyIGbpKYil8/BTgGfjsEcKlGKfJ2A6tmkwAcbCZOiOdwfC49i/B57dAo/hJwXu6RhrunE1AY8T8JkZ+Hc89jT9D2Yt6ph1KM40A+d6BJ95HHszOsbiM/9nM96GZ4/gc8PgSezxIPYda4w2wXhirMFRCo7yOP6txD7jcNyHsV8KPj8FZx9rfPfLcYYYo0xHiqbg59H/5ttfvzvMoHA6jjvFmDUf6SyA3j/rHevLRQw1/DSMgF/7IbyNrMDVZTXPF/AyOXLk/gITqRMt1yxynMxTyp+Hx8N/hlDYlDEmm4cUS/nE/uNBg5RwWHTrbrJWmkzO/W+duK7BCmVuZHN0cmVhbQplbmRvYmoKMjIgMCBvYmoKPDwgL1R5cGUgL0ZvbnREZXNjcmlwdG9yCi9GbGFncyAzMgovRm9udE5hbWUgL1NVQkFBQytEZWphVnVTYW5zLUJvbGQKL1N0ZW1WIDEyMAovQXNjZW50IDkyOAovQ2FwSGVpZ2h0IDkyOAovRGVzY2VudCAtMjM2Ci9Gb250QkJveCBbLTEwNjkgLTQxNSAxOTc1IDExNzRdCi9JdGFsaWNBbmdsZSAwCi9Gb250RmlsZTIgMjMgMCBSCj4+CmVuZG9iagoyMyAwIG9iago8PCAvRmlsdGVyIC9GbGF0ZURlY29kZQovTGVuZ3RoMSA3ODIyCi9MZW5ndGggNTYyNSA+PgpzdHJlYW0KeJydWQl4VEW2PlW37trb7S0JkE53ZyUgpulsBgK0YVEWARERxGjYIiB7QAcQCW8UlxEBkbALLQyiIiBBcEGB+eIygA+eE3QcQJgxzDDagM8v4pLuyjv3dgI438z3zZuurnvr3lt16tQ5p/76614gAKDhgUFo8qRxE+HJg6Pxzk7MJZPxBtj3b8fyXzBnT5g+bhb41twEQCTMN02ePvdX4L/zOAAN4/PG6eN+NQuk2m4AAj6HwIPT5ldD2ocFeJ0LkMamzZwwDuDIGYBOXfD5H2eMmz4JCkbhvXSKMjJmzayZC61L7gXICBjth91VEIbRy1fjdQSvh4KhK73/rfkvFGx6wFH+PfgVMH5/+F3Xn9rPP8yJ73J8ok7CusZDkszydO4D0IM/zPkp7PjEvHvjr9isJZj3rcCIB89FEECbePCYDz3gVhgO42ACTIJZMB9eg3dJd6YzD0tlHVmAZbNidgu7jQ1hw1oTra2G7tD5F61mwq+utXKbrfzYKsRKWQ82mA01WrX+pfV067HWD1oPtL7cur31t60bW1e3Tmy9m5+P0zi08JZ4y48t37d83fL3lostF1qaoBT+sx/FkTIQQQIZbaSCBhYctQ3s4AAdnOACN47bCymQCmnQATpCpxubs0+g2hTze/TrDtiDeZtQCBek7qCJZ+GgWA2j2fswWpyOeTHmd2CnmA9+sRQ6iF3hRcxH6Puw06zfAQ7KAVgo7oYnpWfgoLQX26MM+QpUG3LEOsw67GQ3Y/2HocaQybbDRHEDypyB+QzMxnY7xScxG30ZZ+zP6J9tBcXoU/4WZpv9X8Znj8HjcjmeHbBT/gjPWdBHuQhh0/PFwlDoin6yooV0iBjxI16iQTwzvFPN61i1uA1tJ4P/IAYJhjRIJHc/UcSnKYOChsZYd9AbY42xkNsZdOYEncFqBvEaoVP8Aq+T7T9+N0fKBzPS9vDvBCa50Ob+iAO2yVvtMmEKWJxMt+vxeEPYVVaGsuKxEAnm0uIiV2lQol6PS2D883XPr1pL8mtrF/PvfiDvnT5Njnx/ifc8e5b3SMrexr+jP5qy0yM22CZttdtkzSmBYNcbG8KxdsHuEldxEc0Lpri8Hipvq8UfyV+76vl1/LvL5MOzZ8kHl77nfU6f5n1/SMbMBTwMZVXm+NMjdroD6tkOSSQ4dLeix8tj4e5QEGtGyThwI10gU/gaI7Mqvohv54uScjS0Wp54CqVowCMR8Emi7JMkUfMpmiiJqlGmPiYQzIpPYILmUzXGhByNwS6FLZOopiqyyCgBVRIseuNev0AqG1JxXAXlTY0xV1lo8F2jZV25JOviJTn5N0rX74zJJJHaNK1AG6VVa4thMVmsLFbnas9om7VDmE5gOqfpLiVd9VtzlC5qwDqQDRBvU25XRwtj2CjxHmmyMAWD4UGpyjoXFpIFbJ64UJmrPs2WikuVp9V1rE5craxX9ytvq8fgA/IBPSb/TvlE/QI+I5/RL+RTyp/UgkqoJEEhSMwksAGJ7Q/wRTSfHKP5fFFiB1l3nOj8W/HUz11pDh2RtN1BjMin0XYaztDukRTrLtmyC5apbptMFL0bsygpIHjQu+HGmLOszHB1QbMRj3vBS0ilOxhgXg8LZjmDxFkYLikuys06SBcTH+nOT/CvOF9MlpyatWDBLPFU4utvEomf2fv8gekTJ04z+x7d+hX7gC3EvnNgU6SLKkEHvwU+TT0hbbafdAaO+4+lb8466lxrhaxUIc2m2iy9/ILN0zMX9WlojoXDzqRCTc3x5pj+18tXL5e5ypzorciQgrxegV7BPnl3BO4IVgYqgzMCM4KPBR4Lzsp7NvBscFNgU/D1wOvB9wLvBb3hjJC/b0bEf1fGcP+EjCr/Exm1/lUZK/wvZWzx783Y49crSSXJlLyeFBxgL5LjDBbbSVZmbnFRdrDQGHCmJDt7k8IAoy/Nmj32zknPGBF6+74lu74gDpL5h6XP1Xx4d83FuaSA2MiPQwb1u2Pl9PwnE0u2V1cee+mDt9LvHnbzzcSZ7rtizjXDJsVokw5QGukIx0kjsx+3NWpRJ4umoik6yhU28PTsqOOMNrChCQfOmy/r318O7Xug0+JOFHV13ozqtelb6kRdA+DUIRhOYcUDVw2re/nlupFrIiNfv4f/D3+VjCIFo19jvfiZcGj3pk27w935ab+flBIvplI/tPtJ1FAnD6J230gQvH8k6nGlUdxsJZ+nbXYdta5N7+SlitcG/ajN0TMd3dMca0BHJBVsMjW8XBbaV+Dr4zM09AYzyC+VC4CYtKSoxd+1bXx29qVFi/lifpLvJoNJJlFIL77ikarJ/6XTwurHHuvbj8dC3UkxSSUu0oP/blX1onkzruuah7pacKXpFnFLURdErUdda9PUCscQocLbMw21i7eb7nJof6m7T4fb3MINPkafCu1a4ZEeeWTRokfmPfroPJxW/fm7/Bz/kr9NbhMWvhaNvmZkAvxjHsP0MbmFeDDdktRlJx8l3o+66JAOPSO+1CictDuj4knlqH0t+VKo93WssEQ8DGxU9xlTLNxs6tXU1NwU05vQo8MyqjLQXjkG9nkxxMKGPhh67htUpS6+nlQP2jfvBNH41RPz9m2rWbiwpmb+/JcS+yRt2/hKfoAnMB2oFEpf2bz5lR1btuzAOEPXok+rwELmRwZoPgtYVJ+ignHSVEmWFJ8sS8yH8Cn4qCAZJ2awGeojBHIQJoExck6TzRIRZWKx6o2D92gjB+9xjBw7eI/LOHhGjh39NroicsuYhsYGZxJQY+HUNjxtR9A2FP2HawNS/wSCQ9UFvxoQCtRCoVztKwxRRwj3qeOFaWqNsEBdItQKy9Tl6hpYIawQ1kgb1c3qFmG3ukcw0iHVSIeFw8IJ9YR6UjgpnFPPqeeF88IV9Yr6A3wr/CC1qmGBWplVETQ3TWfpilvz27JpV9ZVydaKaE/WUynSQrZ+dDAbrPTTZtqWQi1dzp6Wliu12hpYTdezddJ6pU57WdpDD7FDyh7tMD3BTiiHtc/hJD3H/iidU05qf4Pz9Aq7KF1Rzms/wVWpB4K1SoKdSBCPFoysj/g0svDCRbIQzzv4E/Gf+BO0F83i+8iQxLnEETKev2jgQwc+QHSh3xykJNLX4QOHyCxWm2D3iSJDF+Ei5iNUNE4CdWAt5KiOHLtGdRG0zcqfBKjXHXaLqogCJSoDvd1pN/gLTH+lmrMXQ9JpgOq/9FhqmayYrtqGAU91TAEaocPpJDqXLqW19AW6gm6h++geMx3G1EhP0vOY0hhRBVHECJNFJYV4Ra/klbPFbClbLoZicotQIpXIZfYyR3/oTwYJg1h/sb/0IJ0kLaW4JkpP2Z6yr6F1Yp20zrbOvoO+KrzKXrG/4niTHBTeYnvUPdohy9u2t+0f02O2Y/bfOz6jF2gZGt1tGJzYSVdSjBOoD+lAqkk3AqSa59/23oYTs8belYrzIqHQH1tK3l39TY/BfnMuvwhPs6ksDxmuDYrrVWph7xI3Mg4grojDTq0ikl55vlWA+SKyonh5YwxXpyQENmPIl5WFiNeGmFrcdqK/4adJDncLx/kZks3dLO+7s2e/I7PfITVthSSGHMF+l13r1ypqwo39igqxymS+AMp8TcZ+y+ON5THXL/tVje66UfNI6BZyibux49M8SL7hXuz6DMvjy97hy41u2wtJ3oc7Nuoy+VnGAThHiQ10phvYWRALRdThYpU4S6wVmUEDnMGdaMH1rKplCzbF/Uo7J6MgmbKQZ7A/47UIqRELO0yWAWUpRJBQ3nGTU4QKTY53kOUk7hNP8bMtQ83xL+SHpN+a7TwQilhpikW3eYQUzenx6meON8b0xuMGSY5YhMOWZQ43Lo6HnQUIpccxcpHqIm7qYm90ctCZlB900jfIFv5e4uzkHqz/H/jZeDo/S7KE5WMTtfv6H6NPkY4tQxMbya38EJ2Iej+J60ln8Vvcew2JdAXvTrdap71h2ykF6vxvpO9078naKK3NT3F38IDeISVXTxH8Hn9AzcjX400N8Vhj0hnJhbDJYCn8e3MpJBnE4E2ZuXlOcylEIE8GZDuhKMkuNKiVJDSv2cR38o2rvp427dS6rVtfPvLW4d3PPfPUc1f79yV595PbyB3PCDl5R1Z/+bfcbJJfUjp1QvWUH8dWjrq/eybpmJp/6PCvX26zvzQN7WiBMRGLIhImqQSpndWkdg1OQ8WIJUdRRYowv0yTruN0JAXJtOITVWYuAtQnKqrKMMl6eTm7ZOCAol8S9UtjMAxMOCOyM3iQLKH3kn2J3XQOH837fMgXIwVcSycntsafoo8e5UOTOolXTd6O7J8dlpdRSUgBliILyP5jhlsLyg0vtjlOvMoXJz42BP3cle1tGSqewjhr56/UmBMYqbiPlJ/Ca2O++KFHxCF3c3dg9pQUzQHd0rsGDMHl5fHycjNq7Brbpfvty9Iswq6UDmkFZ3DUerNxDBFPSiryE6QlecjuSNDLjMVX9AaLs41CDmnesGPHBiYbx0Q5WUJmknF8M1+JrGUlf5GMJzPpT3VL7fRu+5N1dU/aE6/ZlwpzXsjgl/lFTFcy9u7NIE6ShsmVgeNo58LUfMeQ5DG9pXsgA7rgKOwWa+eK1CGZFS6b4OvZFdlfDElMYwMOwWmPqlu75kQ7+qM+l+dox7VdMdTKypDb6PHLIXce8tTSktKSnJLSVEnEhV0uKbxGbopu5DwzZEePh5Y/TL4Jlw0fwhe8NmCuuuqsSXkOIuFBykMnP7xo0cMPP/oonf5y374NtbFQfh5Tv/RkOkLDVo+9kQLlktx2bmT4BHGE7UccUcAJAWRlVsGWYrWl67LNpQeTe4vkHNajSkCOuuqd0YCx78Odb4i0zQ2vu71AkMnixJCNGSRlBem7vSOR3q+8OWz48GFv8vWU/HRuxB0Tpn99OfHf9J3CcDj8e57bp0/v3j8Ltcs2jKhJ77Ry6kubr+GbkEC9kpgUJfWISYhxv8Qkb9C5U7iTe1nV2XjbfrOGX5AEbGdPYpLDJhnga2MW+z9gkh5l9apNctujlmuY5O5NnMXX0YhkeXU5uHtOlfDxO60Qn9UKwqz4XWQYgdwEmdIY35K4QDrxC7QTrfLzlZ+a2NrOx82dL45jIsZONl4HoDyiseF233AXqGlB/UxDQ5tlUwy+Lm22HA0GohBMPZ7W2HGzd21QNzdOqLBxDiVxKCsTwafQMLGcYkJUnjMZIMEsEti26qHYBwv2fx6/ePoH/i0/+8W+8088/2t+/kX6TuSmB/sTIbR8zYeFvf78+i6MgvuHhX/Tbmd2Be2lon7uHEVQpXqKcCILNpBtkq6Zk92EINxuG0uWgTqaUKSqilKE+3RZR6pxaYyBA8S0GbvC1/M1/FlcuqcYSw4dmdiJa/ZOOrK9P3G4wW1h1jWsQ7/+c6yr/8+wjkTUjoJD0BSHzCphvxfJj6YIlTdCIK6IZDl5imdSkT/H100ylkf+BBK8ssSD5EQVX2noOht1DRl8DgIR3RKV6kkUVM0mW2wSQXLW2AaDMTMYcR4bsRN0GkFDZ7/ROUP4mK+P93+WQPa8MeTAgZYtQlUOH1jL4+12OIuyrTAo4snRZCooOF5Vsso2pqFBbGiQM6b4BmQrbRZw0SJFU4UiWZFpkUqKNE0V0fqmCxQT5DuZThCyBGOIG+NxsolveO+b943hJU7SELpjIb+PbEs80e7706YvsiMuNUoZ1MsWhdnE6y45Y77nQc+fuf6mx5lkFGSCwSr4JtN0o8irLVvIFzyvfQ7kmXPAAjf2k1xLonI9riU2YDbkqv9sLWGn28UaJotvYVUos32/RtFibX2Ye3GKkQvJt79svdlHR8QwOQr1IsFOJAUnfDyJGGEcgdfsQmHP86l8A59iAofwa5TXzt0pIoeBi7P5KHmx5MFZnA0FMDiid6twZWd3VG2peVahwt8zZGgeDiNy6OYsTusiRVM7nkzPgagt+6Qj82jal970tZatIdwzhpuaw01YVf9r+DIuXm24XurMRYuWtG8c81AxKSvTuCgMp4o409s3kZtunT//1od69epFqqeuTO4kV07l67HMrxINy9SOTx/CWsIjxg5yEIkPopt4xsD23eVA3oV8NpAMJAKmgQPfHcTZIHOrieNu32tSXJNNX/EL4ur2mFAQIsUo3tVkG8YFtVpNfzUa9jweCzeHr/nMAE22Op6aDIt3OAIjQ9cZ7ktcMOQ+jv6pM+eS/wCx2ewGuOhnUBjG134atdrkeihowtUmhMIyc4sR3D0pPQ3xQoivqNtOqnsMOYzS33hjFxn+0d4x5FNks0ZcIHcy5GaBkz1urgDdk/t77O9NvK9BKgQjTjFqs9Sjh8DmEq02i56WXNoMutxkrGRFecbyhU4pMdhoONWAWFzAhOrOecPffHNY586JAaT62FcLFi5c8FXiBLm/jz/j54BfuJXfc9fI/ftHjEj22fqVPM18FxOA3hF7RoU2JK3CKbgoziZcS+PlZ8Ix4zVCxO2NCk6bfNTTKWpzRinU29Z6CpqaGw1i0IwYaM61QkSUYBsdyMvNM17j3cAIcAI+76mrI5nXX3zUrfaswllzb9srEZyVfQ4/91z72r98xWHe+/p7EUPfPmijBebanwJ3RFSPaHNCBUa43tiQdExEy2FRjxTV692qMUXRUghDB7w+LcWnmtgT02MItw7z84EiyAI1P79UEtN3SJZVcjMpLiopNIFRIH8fNnbJkrHDEC5y7n7s8/+lQb7+sZ8pvz1CHL3jb5Nz3V+bunkjAsk6/iDOwTBvUvbLk7EUhBwAlaGkPqQ3Csxuf7Fn0g0Hbhl91ECOuayi5f2W99nVLv0i9w9thebKj+dXH7xzVFVxWWRqBZkiTzYfV/BPu3Ub3LtszIbxhz7q3IV/WNF32ICb7yvqMX7xiO4v8I1k4rXPH0NuyDvaPjDdjsZ73AAJtJ8HM94XcXUTz2MsPgqgFKGuGH9aNmbccmlnMMcALHht2QZgnQbmZLP1w4zt7Iho9nTMFwEctZjfAtBvwYz96HjPORrAxTBXYW4CcJdjRn3cKzCjfPcezN8CGJ+xPFjf8yOAdzhm1Mt7GCAF9UnBdqmPG1/lsJIM9xpfvxgiJwmZaGeUCaTgVbKMTJcMaCsLECBD28oMyzPayiKkkefayhJkkO3QF2aa38vmwBR4ECbDXPO72ATIx3MYQpgKsTQeawSgAuvMhRrMc2ASjIPpcBPeHQgzsP7NWLoVpmEKwIhrsmrMq0l4noRtHsbjRKyp/Ru9llzrdST29DD2NRXbzMDahh7jsM3/r8d+WJqK7UbBPKwxAeuOM6VNMluMM0cUQCkz8DgL64xHuVOwXgDbz8Tex5nP/lHOXaaUGtRoJtaf+C+eBv7t56NMrWuwr5mmJmHUvRBKf9GuvVW3a62EZNi3PoYx8s9+hK2mB9H3IBaK6/AyI3kWPodq6sJ5YVEEQWKUsr/BjNZPIdGqZVflY9hYh1f3n4haBFpbJQ/3kPXydPLV/wGCxDEACmVuZHN0cmVhbQplbmRvYmoKMjQgMCBvYmoKPDwgL1R5cGUgL0ZvbnREZXNjcmlwdG9yCi9GbGFncyAzMgovRm9udE5hbWUgL1NVQkFBQitEZWphVnVTYW5zCi9TdGVtViA3MAovQXNjZW50IDkyOAovQ2FwSGVpZ2h0IDkyOAovRGVzY2VudCAtMjM2Ci9Gb250QkJveCBbLTEwMjEgLTQ2MyAxNzkzIDEyMzJdCi9JdGFsaWNBbmdsZSAwCi9Gb250RmlsZTIgMjUgMCBSCj4+CmVuZG9iagoyNSAwIG9iago8PCAvRmlsdGVyIC9GbGF0ZURlY29kZQovTGVuZ3RoMSAxNTM3NAovTGVuZ3RoIDEwNzg4ID4+CnN0cmVhbQp4nMV7CXhURfbvqbp777e3pJNOOishBElISCAS5RolgjIYBZEgICAgLkgAZXWEgCQw4LCEoCJLkEUCiogOJBgVNYBsM/6H4AwODipRcAzI+HBU6L79Tt3uDtHxP9//ve9930uncpeuW3XOqbP8zqkbIABgwj88aJMmjB0PP878J955BVvRJLwB1m0f4/kX2DIenDy2ErpPLwYgIrZpkyY/MQtM63YD0Fl4vWXy2FmVwJ+ZioP5sX/KQ4/NnghDhm7E6xKAgubHpjw4FuBp/K73j9h/++NjJ0+A7sf3ABTX4xhQOWX6ExCuGgHQt549f9eQ3Hy478EeeH0ArwcDo5WObvzH2n8lPmAv+R4CMrCfk+/nBGPHHz4ODrJVKGfwkn1JIk2arCcB2PQfPr56t63CuNv552GjF2fctwBPkAIoBQ0EJCoF0iAb+sKt0B8Gwp1QDkNhOIyAsTABn5sMlTAdZsNOeIv0pH/l4/kEPo3P4Lvwd6W4slzhUDjMOMExukJ3uAXHGIBj3AVDomM8iGM8BlNwjFkdYzhwjCRjjNzYGOEvwp+Hz4Q/CZ8Kt4b/HP6v8B/Dx8NHwh+G3w+/F34n3Bx+K9wU/kP4mfCTYQiNCKYH04IpwUAwOej9bMjpofAo/L/4oSghHmUigoSyVcAEZpSWFWxgBweo4AQXuMEDXoiDePBBAiSCH5IgGQIogVSUQacf/gRMNAZdCsDtgoNcAHZj24LXG+g5GI/Hv1HUDCEOarB9jm0NtnXYxmPbgG05tu3YlmKrwr6XsW0QZoND+C0cEdbAdMEGR0QejtCReN0PzwfBdP4knruhhj8XvirMhZuwjeTPw1x+IkzF+1P5dphKi+E91qRjsJ//0ri/n8+BKXwz9MV2E97bgM3owwMc7pgTG/85zqPBBDa3vAG6CqlIfxC/2xWhhdHAjgYdSCOjQzwHs8UivF4Oiw1avoVKfh/O2Qv2C4vhUUaTVAhl/C2wSCjAe9j4U3hMgkGigse+UTrxaNCKvPANUMJoFf+CYyHdwjS8vx/WSPfAfmkJ9nsZbhbvxntsnvEwVWxGXj6CJ5Cf8eKbpEDuhevG7OFhbijkwCRcaYqr/AKzKt5DvXjk8c5EfQ0/UdiCmiFBgmbhr4F4jcjCPMpDbktre09wtLa3tue51FQ1M1VNnchDcDqXGPxSXyPZfvxumpiNYxzkdtCvhVPGGKWaXSDP8FAl84IIAuVlR/DO3c6hd+52Db1/eBPQ8IE+FcEzbOArJe35eUSz5ymaUq6MUSqVeuVdRRpF1HScLV0lU3bQjB3CqdApmsOaYeO79e/oXNGJWttbs4vPw3M2qwScUwSXyeY4w2bBSUxskjt3241z0PpUtOW3q8XFOGewPY+I1ON2xqV3oYW9nL3p3OoFCxfVr6lb/Zzo/Eq/+fx5ve+X35BDn50lLe043xacb4oxX0CzS2w+iYDZybtkwPlKrlwf11XgdXrcVEovchb2oltwyLo19YsWLhSd7XrJ2c/0G7/5khw8f568b/CxIewkH4CO1ujTLNwGWChyPPFBvIhDtR6PjNi7wMOluy6f3FJ1j/6KfoBo+Nx4cpbOowtR1upeWEd5ArzjzHFjmfJcqZ7U8TQx9CVduIXN8Tf8swvnwL77YCFlw/M4bk/INcZO/9vJk7rOdCRcSvcY63eD5oYEQglN4IArpRuhiqdAuNwWg8kr7Xl3DhkuOYSLrFWkkQKSTuUdoR9xkX6aHPEwNeFz/HLhMnqWOEjXXGK9E+otK53L4hW/PZnzexLjkYIrbPnbrrQ7LuWRNKo6nAX5TtVBs/JBdUB6GvtLl65bvx5/16+/RhT9h2vX9B+IIpTrJ/Tj2E7g1AWkFymo16fr1XqNPp08S2aTOeRZxvfnqOEjkB9ces1TytXztF6okqBekQOin4MAMTtao9pBmHa0t0SEkn+FqTqyiKy9aefsPB3VO1UVCjMLVJSsTu7QXyATjpI7glt28NMHNA64emqHsZZrcL47kGc/bNCyfAmJXLxfFXhQBYEvdWxSV1vr3St5qEfzM1Fi8sc5ODGJWYUHrcI79P47d7sN0+CY1qLNHTigOouj9HQSuXCR7PY71LhipE7Lv5cfJgyT5vBzhBmJNT6JB96HUSdR8D8BM8QnE6YnPuFfANW+BQkLEhf4t8P2RHUUjMpENgqLoPfNpLBXl/Q0USq8mRTk8x63KIlAltD3goNQkAVjf/Ny9QMnZ81pHX6BuPvf79Ov7NixYyZZeePk5wbOXFN66/Ge+RfeH7m1Mkn/xuB/Ha75dOS/K1RqPcDjMlUrgeoUV73HWq/Uiv76lNr0leIyz+Zsr98FnNvn75Li8HPugCJmMzF4h8YkoBgSQBGgWcUZKtfedqWt3fHVJYfxQbmgw1DGJ48NjE0Zn8rDKJJMPG4+Na1LVmEyslKEfOWQwsjJzxjk+q3crH+kXxh9+JGhH05+53DT1l176zZsfn7IO9OmH6n4ilh+z2UGWlZ8+l1m5gc989csf6Zu28zK6XMzuryZkvJfe57ayXR7PK7zFtQrit6gSksiVs4KHGctBc4s1QuEq1KIxQR+UeYthi8yI2NWgzELY6y1pKU9X2Ur29aKrg95MZaWP4LLe4QtajczdEN4UYGQYib8DiQvyYEuJIcrIoPJXZa7rMPIRPIkmcMtIlZcTIWkcgUqmjFzl4WcqFOiF+qnTh0JjRYyg+e4E8GC7Xo9GfNB1N+c48cj7UkwWkvnEyS12pGUUC+56x1LrLQeqqzLpC3JcX5i4vxgcojJjiDpvDKOTh7VwWwGF8nRcomZMbNjXCC9JbI+zAmpTOrgccPPFoatx6ecL1TffXj3qyRDb9W/Hf3BpBEHHn316NFX7940VDi1Q19lt+uX/vFP/fuUlGM98/auW7c3o4vhV5Yj/WsMv5IBw7UMlwjWagvUe8V6v3ero96yJG2lf1mmJU3x+5Jdfi41kJiJjgYVqc1wNW3BtusqpLmPwTFygp7gTvDHhGMicr4nmY4io0ia6HF7I9QSTw+Snka5GCvpKcwtpeZ76ZbFGzcuxkaUQS8O+vCkve+eRz8ngn75Cz2kXyLlJHHQi1zf/S9teuutTS/tp7MbM7ro3+nf3jdK//abr/R/GI5qHNmaDMa6bEedmoTrIsKDWrygUo5yKo9+Q8A14QSOoIMXJUfweIsRZ3L/zQWzRRr+NgZeFhwkkHCd1N59KjTncEpELkEoFgYID3G7Ybcooc7g4pB0krqdOxD64iTRQwXCqWFXqwQWWtH7L0UZLzVknA65cKuWGY8SzhLrk2+od65MXpa1OS/ektHN78nw2xX05OjO7amJeY5gS/uVlnZDuDGbNa6K0Vg7CTSzB3qdjIJ8L3M3htmmp2UU9ipyxTqgftClK7ZuXbFi21Z964KVEP77WX1l1arN+g8//KD/sGXAyoULamsXLFxJD66tqVn7YnXN2mEpe+a/8dFHb8zfk5J2aPnpCxdOLz9Exj6xYMET2Ay9qUKeapCneENv0qWAj1SDr960la+HJd5AvWOld1mm5PenupIhLc1vNdQGGYhFqK/072Na423xvZ9wIPGA/0DS+8ktAWmHs9n5tZNDvelt6LjTZUONgcJeUBDRlbQuJMYYSuHzQevuRG25cc9jn+nXiOMLwhFVf13/ctA6cnNUowKoK8RKnMNGEvs3XxGvEdw26vcn0+di+sR4uoyK8wGfbuAtv2YTF/LbMLyjA+IhHuEW+hYWPa5EgjzzEJdPnmShnk/XDZkY2MN4XoFMzYVoQtrAL4RtJkkWiA8HMRmDGDCkLciitCsykIFGTjI8gkOFTkcwCUOVIEwy/KIJ3tduARVBicBTFv+IauJMoGLmwZkkDIoiu6monElmX6DnlOqY3xQUWRJ5jhJQBBNG55Y4puwlba3tMS9pBMCOg3wxZgLsvCJtT4qFkFFaqZ3YqV2yy3bMzmZgZrcMFInIVOQU3kt8dBgZTsstD5FJdBaZQZ/ipvEzpVlyDVlM51uepy9wa/i4iGNlyIZL5dJps36JZupzv6TFf14cemDxKcEW8nG7ruaQeXqVYTNH0H7bkXcZ86cUtJl0H9SZlDpnFakzvRpQzTJ1+QIC2PxewefvoYDfyaeihuUjyjNinBHo25nBFOftsachF0RNjWhNx0lmamejSSW15LbN69dv1ptJzuqVK1frZsqfvzr/qbqt+uVroQv0SOjTmqXLFtGJ+s1Tpk2t3Hbg9SUvuVOOPf/hJ+gipofPCVloDz4o0hKsm2y7THUq2QS7+Lq4leqyBMlnhTy3I4GRGDUBRtu/LuW9aU8MJFIkj/nFqC8s6u2xdVx4hayJ5xeEQb9MHAQWnJ/4yMVn9Ff1OaSaDKm+KIw79cBo/bD+V/20fnj0AycHDCAbCa4E2Xi74QeZHJeiHM3QQ/OIdTytwxSijn/VJBBFwpjEWxhJrS0tHfLK2xOworiMeBNtR7jdoQR6OFRMfwzezMJJ2Y7QuR2x8YW+xvjdNbdcR1/FFMUk4shCH4XEhg8allPShid5e8qN0RH6qQWRhOTIUfr3o0dDaUcxJVlHx1/NYTNFxya1Bn7usQ9eo2w4ngEbB4uWYCBMA3MTzZonaEK5MEZYLmwURDY6jorjXc2J0fiIgVu/1brKqiAKkiqKghEQDGsqlQXKcfCaIgqEF2U2kTkiFgNWoM3GxUBFJwPhmYHIHDOQVW5KeKrIXtpV6Cr3pkVCL/l2WibcKt9LH6Iz6ExhIV0sLJdX0xfl89SDdiMoYiLnkwS0Vime6yrkiN2kIr5IKBILpTzLLZzG9xc0UZM0yzhuDEayh6SZQqVlKbdU+L24XFpuWcutF9dLe7k/SAe5g9JfuI+lC9zX/AXhH+IP3I/CT2L3UVNh1FQUBElldmdIeQPhQ4lcgv6vUAGT9RI6MzQgeI7+KdQzkmMwHT7dKceoc0JdJMfw2Qs4n8fBcoxg5xyDaWiBkV1kRbTV+MtlndFDhDtzhhA9fIbcSGbpi/VD+kG9hswWBumN+pf6V3ojGUASSCIZsEW/X9/AvDHZgvEbI7hBC9PbZw37d8GNWjypc0CdUuV0mGTMoAWftZ8KfoV3R7RLjYvEcMwyNLPdE/D08zzgec0jMKMv6LB1hKt8DkqC1OrPrl37rN6HfHiNUXhNPyrkhv60qqZ61bZzf/v0i9B21BmWb72EssiCp7USq4XazDQ5kCwrVDLRQCC51GRODvAeAp5N7tXxdSpfB6sz0dC7JpvMgUQJ0hJ9thsknzutq+NMC8qsDSOd4ZQcBvBGw3ccUmNKZbuIp9EDqpQ9G1VqbyA7N/uubC7iF4xAF/gVUJ5LYtGfHzD9+ANb35i5bc4Xf9E/1c8/8u38ue3TXm2uWTv3i6Mk7vuHPxG2HOxdNH/GgxMCvpzTe09/lpf7Uf+yxU8//lQg/oYDOw+1ISAk4asod1ZzkOAOjIDMW/BEQz+hCbKjFdGeIef8PMRHJoaPZAMfySDH8JELlAA4iIMGJIeiKZXKRkUZxTE/grYu8t+GLh0LXUIXcvWUYNjmTR3+Y6ImWnkRTBYMU2fQH705H+aZ6Cic2bBMZoV5d+4uLR+uuQ3zVVST2WTYMFHxcUFytHf8am78SgJZ4SUQFF4k1MSJxI4/Fa4CheBvOv6SqtNkOnnytJ5C4bQ+Uq/4hHqiZZGC4I90bmgRl8RoHIk0BpBGBVZoiZwqyZLMAGWpjNLh6gSZA1LKg2hiuYkylEmGQXsxkna2RQBm+78hTE0TKNq+lE27SH2kAfR2aYCsCJxZBrOXS5Ad5lxzIVcs9zPfzt0h32W+l6uQJ3IPy1PMM7lZ8jzzRrM3CjxZ8klSp/N1wXLu8LWbuN3Bh4RTa69N2bGWX2nY0lzU5Rv4uej/MqEZM+mAOU6xQUOc2GRTU6oD+/1N6Y3qsjgLxHHxVkU2BzjZ3b8Lmtbx1vb8/Aj9LW1Xgmj0hww0qhYz3PZ4XlJecl4gLyUvNS+tX5aWpCVrAS1FS9XSypPKk8sD5SnlqeVp5VmVWYuSapJrAjUpNamL0lZk1WddzkqOPRp7KPbAmOQxgTEpY1IrkysDlSmVqfOT5wfmp8xPje+cR9xEeqvphQwWdkGkW5DaOSv10nfOvlI15YWmxsZ+zYtfORa6RujLz43ZO3TCOyP+12VaMHHuuOmn38weFKraMXHsey+9fcA5b2mPHjuysoJsraeGz3HnUVY+6KclQjVZzNuqrYtNTSrfFNfIArnTCgPc/TGQt8UCuUO/csnx/SXmehIdifMTVyTWJwqkk+EWRAN6WjSgc+cHry9/49ChN8rXD/7N1lEh/WNyAxHvfYkvfCUn59yJE+dycnZkZJCbiY04yY3pxhoiXfwI0Y2Y0A99NF9CE9jcTYK8zNZInuPieJDp7arT3D/JqALlG0C1jWUPLZfy9o5Jnp9cn8wZ3jAqNmo4bi/plCNwLzU23vj6U8fCED721Ouhwy+vWrV9+6pVL3N76eif2rePH0tuIzJ+bhure46dP38MW5SueSgvNyRCpZYBHqJUy4sFTwMRmizkrfgmZ6NlmT/RQ2WPDHdSp72/3yCxxajFMPFFEsgrkVwgu19SZVJ90kdJl5OEftCP9KP9PP0She5SrpyrdDdNgSlkCp3imZKojJrKRJxqOMLrcAmDkWSIXeLnBfdYTux75PC4Bz96VL+iHybZwS+I1Ei3Ll7bZKOjR7xzuFevXd26kz7ERFzkVv3Tlufe3LWByfo9VITZKGuWB+SgF3yHfx2aMQ+QeSjryAMQwOOKOzpqrIIBaoy04L1G/OHHXKsX3V8znbo+Xto+eI4SGco66oWa1RGFLpXCZUGMDIIDiO6f2tmzmJhISSjfNBihdRGdSrwdxCTJY6lJSuEaE5t9DglUuyyL5apsL/fHywll6UZMDGJUNKpdJSVtV4wCiRPDjebKyyjPqMxYkVGPn3czzmaEMxSUo2E3HqQ+klR1PinwGF/y2f0PLHjtnaZpTy7f1jRt5rPbmpr67Z49Zye35KkZ338RGkk3bFr3zpZQDd3w0ovvbg7V8GN2PTTuKejQ3SeRB4Yr7kBc0eSEJksjwxVO+92c09P/F7VLLb2fby7MFedJ8+R5yjzTPPNcyzzrPNs8+zzHPHWus9532af+vKrwsxLn9NWv7KyrfeWV2svEqV+6/E/9W6JyZ88fOXL+woeHv16nf6i36xdRIYpx3d2kj0Hjfn0YvwVpZPZ1s5YYs69G2zLyNtechLZ1u2FlZczC8vMj1LbFTExTIjb2WTJPRmV2SA2poeiiSCxVRVrJ9KamG1+fexzC4eNzX6d90MpeZm17aJdo2jF+rN6s/4if5rHkm5iRGTh7Cvqlw0hfFpyP4pEhUTgy5DocQX+1hHdXe5bEM3+V2Xgdj9yTKNsk2Z3WvysrK7T+DI+gA/ueOTDnz/FIDI5AFkO4k/0mv9lv6YFG2N3c3dJX6Wvqa+5rMadACsmgXU1dzd1cue5cTzdv1+SugeyU7NSMrGpTtbnaUm11Mg4oFU2imbNwVs7G2TkH5+MSuETOzycpWbnZ/bIfyJ6XPT97RXZ99uXseIxsU38JfMT0fwc+RaiZ3NLB20csWTJudb+WrT/8dcQHj008NHbBsgk7tZ3Pf/bHiW/y/XZ17Tp0qDYw1dbthSXr9qanv1NYWHH3neWZ9oy6BRteidaL+iLumc2PATO5VSsTVBHTZpXjJXZAgEEJp1JKzCr2NKmKibCDGfN6SVFlWSo1STzhZXiXRXTjjMqihRXDTUNZce9+lrPgHzUCDFjmwgqA10FCSwTBdko0Ytn4zzPy2DWDD8+beN6UwHtMXUw38T1N9/L3ScNNE00zyBx+hvSE6Vl+gekFfiP/nLTKtMK0jTTwr/Fbpc2mepPfxPGCoJjMCZxH8CgJ5myui5CpdDOnWG8kxVxvoZdUpBSb86wDuTKhv3KHWbNWwDBSQSu4+4RhYoU0TB6mVJjLrVOss8g864tktbSTbJF2W/9kPWsNW3NZqk/TDYiFQIsfrz9KdpzW9+v7T5M39GmnSTbJ5seEzobeI436AHoH9epTyXIDC6INzsM1sJOl2q2STBUV7EzMAHabage7VbVYgR1sVoR+FtVsNpVazYoDzEIN97bN3OywWS0mReRAtvN2syO2ALIhdnMnsZsjBXFD6o62fLbbZGCaXxW9zGojcflM5pdFEGRR4axeU5zVYU23FloHmu4yDbaOUEaYHjHVWOdba61OEyARZsFitpntccRDHbxDiDO5zW5Lgi3BngUZaDEpfIqQLXdVMk0Z5gxLlrWbrZs9Re0NhaSQ5vF5Qh9TkbnI0sdabCu256m3gEY0qmFWqEWyQrlU6W+63TrQNtCuqUPhbnI3vZcr58txfe7F9blPuc90r/leS4Wtwl6uTiQT6STTw7aH7WPUufIs2yz7Evidssi8yLLEusS2xP6CUmeus6y1rbVvMW+x7LTttO9W/6SeVcPqBFxLwUYipf9+hK1nAa0dvPqp2scGDS1I1ft+QEaT0R9M+nDO2gHVQ/nBwdXcYxGfvwGe5TP5dFR2K1RrA7kLLNe+QKjADhwVQSQXADHzBbPFrFyQFQs7mBSrZJUvSJK1VKFm/rwE22yKRaASB1MEkzTF8rjNEQyWtLJyfwQ/sL3O4k65eWzd+Iu/vMbl8yjEQwpdkQOfqZ8kN+g56ZEDn/4ugoQr75KX7iEvdZxGeHkPeRlwnRfLBatFMSnmCyak9wL6AAsygV5AuCAKmBbwFzjk7wLqs4BMo6cotWCWb/BikYkA8hSTRKZwUIm8lARbS9qdv8LLr/MQu65IczEWFJIZObxHTuk5yMVJsid2xqfro+/RR79LLMTy7vVT6MA3GEvYWwvdNTPfCO9SnqESAWObkay05Wkqz/fib+MdoiaWi2PESlGOYBMXgpORDNzgAMjjYSGbKxYHoGTu02zmy5hvvWFDBSTD2DZue2tkPxrzcmCpESaMtvABfMqGH81IGIH5x07u8W32TaRHNKV0FUQwXoEB9w/PMI+9b9gY6wzThpUrN4gD7rzzjkHLV6wAjKed6qXejhpCpIbogR6aJU4Bn6MHb/Z7eC8L4ghCj/cEzWKu81S5+TrLq0Kdm+VpbD+WhexUVid0sQqYUTrIJiofZ1QHb9u8/rGQgwy+Rhz6T3owdIHsW1oT+rSG375N1z75+6ef4JyMntj8FHFPrBbH6lDG3jRfR6pAoryf8CIq9fGWyC6EsSWqHuE2hbKNLJnxMUF/V/ibkZPHQS/NTv02V53PEcf5re66uHhDzI7W44hLkRszV2etcnrtEMeYyc8/jmzmsTcMPA5OFIp6O32ko/CmkpN0tZ5YGae/Xt1lLDdrx45rf9+xg69q1a36H27L6TeL9KJdSMLVU7qH3KK/S76J8rTU4Mln8NQVQJ6B1y54XjPLrHymEL8F3I4zJZH6GeqTppZaLQ4XZrdUdmIybzdhNo9fR4Od5sV8XlZZns5qclQVZEXh8SM5Skr4i8wHy46LguNiBdFcViLbiGQnooMIKuGdhAPHwBuvf0CTXdQhWGWL4iiJfEiBGs34keVIWCLcP47SHd+HztLbTuouXT+q67rrJL0tdPZ7yt6MSKZfhN4IzuKI/rXuJf8gccEwt5j+JpRs8MxqQ2uNfdl+miUx4OO6eX1KpoPtuua3YtIcZGrlTahLtDg22Xe56iyZm7rsSquDlZZl2dHKL2toFSSySRzbtfnvN1vpwH+RPr9fuHKzvv7SHL2t+wsNTzV/1PTB8dY3Nmw+VD3yxNR24TLbTk0NtKz46utS/0cVOSvqonut8b852DUtVgctMOoYs7VkTlUUWUYr50plThFfoyh/VhAukvwibzIKfZHM/xce1qh6BswME+YVyX24AfLt3MPyRG4+22lQFA+foJTxA5X7+OHKBP5hZbayiP+dUsevVTaaHRhN2BoYGkiEgpbQI/rlFrqG1Wn5z68FhFPXAvzn0FFXrjbqQhXX9aqjWh1RK3MpUykeNcokXsdO/3N1ilZHDcU4cpT+mXChd+kDZ0JX9W+PRpVgT3B2RAmi9mzUqigkGPYdq5dSSPpZLVyCgObg66QqKio8q7H7Jfa6Dpopy/lKmHuJGqDQN1L3vpoj5Fw9xdxGzG88a8yT3DFPljFPPLvuqNGxd/DYXslsDKSPGHudVgjATZqa6jD5Emzg8SdZvZxPdaSwyUtKgiUlBgmazQp1cW5PVUAS6pJsgVxmq44rZ4z3hmyoi964AuNVhiwugyVUmYUFHp6dCJ50znr6q69OHzvd1nb6mP6B3kDuIzcdIzeRe/Wd+gfH+Jfcxw8ePOZ2Hzt48Lg76IhD6KDg54a4pUvj9FP69/oP+qm4PUxW6NO+NNY3W7NYlToQ/ah91Fjg1vYSw4RkkVaZZXSU6MiOXynJy2b1C6Y76L+Evtd+z/YNdqC5sloic1LMVy5G2RwyfL4XNM0cz7sFvwo+xRrnaGWJDyvaaJZSsc5RpXjquFddCluQ6Cs4+zyqyYvwXmHFREd7BSuPoOtMQ93rklHYKyPbWDdCXqxbRW7UD62q0y+S58eHgWCGQPmj+nf6DD5rYQ11Lro2jD6b0PCXP352NYfODC2JrGusDkchUtOpZLUTsTdqTzbcqNlc7pz+WU7ubn+qU+nfLRKh2ltbmP/0NqjPdctoEpObFD80isu6oRspLma7wUyZYrkvl9WlsFfvoozMot5xIrpICf8UxXXKkulvYxnxvyRRuPF+0pfIc4oKet5w9elBh13SgpPRxJmf25Ej5xH/lzOz62c01VOirnITVen+5At9Zq6LZdNM//ajzG9G3B7Zq8vVrDanN01w+kGRnWXGrhzzikZ0ggZTitLgbCYNKbkxH3h9X67g3/flxPRUMo2ITz/zzNP61e8mPfPMJH0Y2Xuw9bFH5i07/7FeTHl9+QMjRowmR/SjQ+64467aFYsemm2Pf37ami0QrZ9wHyFtGHP3YrSVSRmLtuzNrjf5BtLcKebu57yhzfyY2mABW5tH9S+FJHxORD1iMVe2Ohvi7V5OtrgavHHRmNsSi7kNlmbVYwNvg+sXMVfCkFukFnYKuW9hvvPbGfpf7+86jn5fWxt8oraWu3GZPv5MUdd7T5KG1mCBfg9J1L8kuwydidXXKHQx+ClDW/8W6eocb+X/HG+b/z/FWyIhv1nReNtvH/n6Y/1xcvygXvPWvrf0moPkuP74x+RrTAW/ozb97tBdtOiIXksmHwkdpa+T10LfGfwuCp/jPuSfwlg7WDP7nF26OZycJ8WU7TjD3meKaJU3pTqwmBWxs90Nnmyl2rTY2iRiqL0S3G258+7hwcQrFUzTfnadR6JB9z++4cTUkL7/1O90/VJ5w4jbd4x6rmHNktUvPlGzdObtm8aO2zGo5dwsOjJ+1WOv7vX7d2ZmVo4Y/ujzFWXayISkl+Pj1z87qiqqg0ZtQUG84DGibTMVzGUs3sogyWKZyXB6uHbtkW3SSLzVTNdjdGRbo8KInuksevKz94Xa2vfRRAbFuYXB3/JjgvO4KkNnjPlEN6TBYCM+5MPa8PEoHStZjaNTTEXU/+sxtfn/PqbGFn//Pip9oQ8l5/6oTz+4L7rQd4XupoUf6rVIzyCkZzrL9yFDM6llJlkyyyLBtL01Eir3mRtE9BSALpptnxQURm0p3bAscdDePrfR7xv1ucNHv+B/+nVycB9K4sQUvfz9P0HM9oW7cHwL/EbzlpokysnIlyJabGWSzJuQdSuyfiYSlVmJNMqsk6qySTE2eigCRtVkBISLDkQ/F2XGI9tSNVYC12M/sZKbST9ibtKPNepHm5BNJ72ElOwOZdHTwfKo3KsMuWdpbqWB8tAsma1lMi8L1xfgjBGa2OqfYe+8Xt8e399E721qCu3EkfXe5Mi1esqHgh2+4UnDN3SL8WvME8EfDVIzFTlZKQNelsp+HX/wVZGBmeCCBfhoRH+itVAKObF5jD0RChnGPCU4z2RjHv9ehXCyCLLjTKvhVP/ASQ3QLBh7hK7orl8J31Mv/YNeavhW7kRkjlith0IPQ0cr9WHiQ8YefVcogFJNLeyf7Uy1iD45q0cCOJ39e/0Cwzi7y03Jnkbfc716ck0Z9mXmt3shqmZApi3yAjQLer1VZstEjW55ONGi41CuzLSdkdpslmpUZyXVKM7mrpw7btq0cXNXks+KFw55+euvXx6ysLjp+in5LNaB5n5zeDt1bz98rYQWjx5MCokLPzcNGs1WZ/QghEYX8XNs8OjQYe40dg21bz/M+I7VGSncEFkzjDNuQze6MhzUIKJH4GRq6ERrSTvDQftE2owwqOHXYBBfFSxm+lFbi/ZfwBZRv6fj3VnAcVXoq6m0wWqXmsFVRuyyQ5YlpxG/DH1rw9i8G3bT9IG7rbvt6QPvGf46tTaGD+ymcX0q8hj4QVCBM7njGBQqULkBesMLE0c29iqcRLIbyV8eGNZI/Pr3T/btS/51rb7D7sTnDZ6yNau1jMqcSTYzP2cwFYzYtomKzSA3COx13JISFi4jTGHjBfJJ09W0JnK6qZY7ca0+whrE5CXlGD4jX7Or1ga0YrMoGyJzREaPCE0ziSbabLdE5cYE10lyUemJz0dmwemuCzAmRAo3o//oYfgPD6uTxPV3OTmbWZZNXkfLGQZqjOAvN5ibJVuDxd4g5TJUYCAyr4Fc1FT0VkJqFOBwUz8+j5Clj15HM4ik/0SkpxcupM9t3r59C3eiVu9dG0EyEPPhwotoc+nQk08z0OK4yD5FB9ZyQaZm9vQHp10wo5W7IziLiZZvMCvNAsMiba2dShkYl1OjhHFzFiKcQli1MKQ1EZtBVzEZNGI0ksA9rvdmNEXkHbP9ePShiiA7XQMkG/gQbRy/wrbBtDi2PWqOr4bFtMkrNYhvmZscjd5lPiPPvRTdGn1dMg98nYoDy4e/IYmaoVm9jV1RlA8r8kuFRbFX+7Kmblhf+2dX6EOab9l4eO2m9duISG7Q/6aH3649NWznJ7UPnx32Shma1z8Rbb8/IFLPCp8TBxn7S8mIo+0p/RWnk3PGW3xJsr8sYMilJOL8NAc02RsTxSbPskRfQ7K/OTG3zVgyY9U6v6Va5CyIweos9iZwgcrfEUXHoamuny7HgPRPykeNjdc3l/T330FziIHnHj+GfkCvfQvS+ASuW5qxbl4o0RS3IKvgvJ6VGJFXbHA0K54GjuUkrf8hJ+mL7pvlJJEdEOZj0wmZM3/mjz/OnI+rOuyJtX85TfY2fanv5ZKGjCZjRwaXk28Slix/adO1enJazwLj/x2+5tbR2eh5HXtpA3zNE8g9FP2HC/bvDlyf4Id09gqmA6QADgn3CSbw40V+HHOr4CoywJEERExHDxFJPMjBLHdX1Wojvm9vrknxpupP63vjbh9gTevRqyyH/l6b5SbvE+8Ai2LL1vNCwQzR/rsXsrplxTP/nxweKnulQcaeK0YzhfcUFGYhe73x04/gnygs88RgmR0z1STCJ3DBIB/kuTXHRFGUXXHdh49Myzjb+NB7o8e+cddjCwuKR4zoIw0yugRDu3S9dm6vEo8vIZAzbITWf9DG9/sUN99a9nhFz9GFFcMWTFjb8W9Yt3Vqu5FvzLQJ+18+dn4GlY7HVo6tFYnHPjw2oTs2VtTeDiDNB0BYDvJnyMub2K4AmLCPWcN2GcCCeaoF+1rxnnUZgA372PE7+wEARyOA2hXbcQAnfufCazfO5cb+nmYAL47rRc2Pw2Mc0hOP3/nwmNgLjEJEEj6XvA4b9g+g3gWeAUhBelPc2BBzpfwVG36XinykrQZIx3nTkY/0NmxIZwbG9wzslzES22MAmch7JvLeBZ/vggigSztAFtKfhbR2RTq6DgfIxmM3pKfbU9hwzBzsl4Pzdsd73cdjQzq6I+3dkbbuOO8NOOYNeQA9cPF7IK89UF49ENXk4li5LQB5SFMenud9CNATach3YMPwko/PF+Sx/5lERiUYwf43kVdwTfIMFMHOCXjxKnJOARO+6DmH9wdHz3k8Hx89FyCezImei+Amq+BWmAKVMBumwcPwEExC201BVPIgZukpiKXz8FOAZ+OwRwqUYp8nYDq2aTABxsJk6I53B8Lj2L8Hnt0Cj+EnBe7pGGu6cTUBjxPwmRn4dzz2NP0PZi3qmHUozjQD53oEn3kcezM6xuIz/2cz3oZnj+Bzw+BJ7PEg9h1rjDbBeGKswVEKjvI4/q3EPuNw3IexXwo+PwVnH2t898txhhijTEeKpuDn0f/m21+/O8ygcDqOO8WYNR/pLIDeP+sd68tFDDX8NIyAX/shvI2swNVlNc8X8DI5cuT+AhOpEy3XLHKczFPKn4fHw3+GUNiUMSabhxRL+cT+40GDlHBYdOtuslaaTM79b524rsEKZW5kc3RyZWFtCmVuZG9iagoyNiAwIG9iago8PCAvVHlwZSAvRm9udERlc2NyaXB0b3IKL0ZsYWdzIDMyCi9Gb250TmFtZSAvU1VCQUFDK0RlamFWdVNhbnMtQm9sZAovU3RlbVYgMTIwCi9Bc2NlbnQgOTI4Ci9DYXBIZWlnaHQgOTI4Ci9EZXNjZW50IC0yMzYKL0ZvbnRCQm94IFstMTA2OSAtNDE1IDE5NzUgMTE3NF0KL0l0YWxpY0FuZ2xlIDAKL0ZvbnRGaWxlMiAyNyAwIFIKPj4KZW5kb2JqCjI3IDAgb2JqCjw8IC9GaWx0ZXIgL0ZsYXRlRGVjb2RlCi9MZW5ndGgxIDc4MjIKL0xlbmd0aCA1NjI1ID4+CnN0cmVhbQp4nJ1ZCXhURbY+Vbfu2tvtLQmQTndnJSCm6WwGArRhURYBERHEaNgiIHtABxAJbxSXEQGRsAstDKIiIEFwQYH54jKAD54TdBxAmDHMMNqAzy/iku7KO/d2AjjfzPfNm66ue+veW3Xq1Dmn/vrrXiAAoOGBQWjypHET4cmDo/HOTswlk/EG2Pdvx/JfMGdPmD5uFvjW3ARAJMw3TZ4+91fgv/M4AA3j88bp4341C6TabgACPofAg9PmV0PahwV4nQuQxqbNnDAO4MgZgE5d8PkfZ4ybPgkKRuG9dIoyMmbNrJkLrUvuBcgIGO2H3VUQhtHLV+N1BK+HgqErvf+t+S8UbHrAUf49+BUwfn/4Xdef2s8/zInvcnyiTsK6xkOSzPJ07gPQgz/M+Sns+MS8e+Ov2KwlmPetwIgHz0UQQJt48JgPPeBWGA7jYAJMglkwH16Dd0l3pjMPS2UdWYBls2J2C7uNDWHDWhOtrYbu0PkXrWbCr661cput/NgqxEpZDzaYDTVatf6l9XTrsdYPWg+0vty6vfW3rRtbV7dObL2bn4/TOLTwlnjLjy3ft3zd8veWiy0XWpqgFP6zH8WRMhBBAhltpIIGFhy1DezgAB2c4AI3jtsLKZAKadABOkKnG5uzT6DaFPN79OsO2IN5m1AIF6TuoIln4aBYDaPZ+zBanI55MeZ3YKeYD36xFDqIXeFFzEfo+7DTrN8BDsoBWCjuhielZ+CgtBfbowz5ClQbcsQ6zDrsZDdj/YehxpDJtsNEcQPKnIH5DMzGdjvFJzEbfRln7M/on20FxehT/hZmm/1fxmePweNyOZ4dsFP+CM9Z0Ee5CGHT88XCUOiKfrKihXSIGPEjXqJBPDO8U83rWLW4DW0ng/8gBgmGNEgkdz9RxKcpg4KGxlh30BtjjbGQ2xl05gSdwWoG8RqhU/wCr5PtP343R8oHM9L28O8EJrnQ5v6IA7bJW+0yYQpYnEy36/F4Q9hVVoay4rEQCebS4iJXaVCiXo9LYPzzdc+vWkvya2sX8+9+IO+dPk2OfH+J9zx7lvdIyt7Gv6M/mrLTIzbYJm2122TNKYFg1xsbwrF2we4SV3ERzQumuLweKm+rxR/JX7vq+XX8u8vkw7NnyQeXvud9Tp/mfX9IxswFPAxlVeb40yN2ugPq2Q5JJDh0t6LHy2Ph7lAQa0bJOHAjXSBT+Bojsyq+iG/ni5JyNLRanngKpWjAIxHwSaLskyRR8ymaKImqUaY+JhDMik9gguZTNcaEHI3BLoUtk6imKrLIKAFVEix6416/QCobUnFcBeVNjTFXWWjwXaNlXbkk6+IlOfk3StfvjMkkkdo0rUAbpVVri2ExWawsVudqz2ibtUOYTmA6p+kuJV31W3OULmrAOpANEG9TbldHC2PYKPEeabIwBYPhQanKOhcWkgVsnrhQmas+zZaKS5Wn1XWsTlytrFf3K2+rx+AD8gE9Jv9O+UT9Aj4jn9Ev5FPKn9SCSqgkQSFIzCSwAYntD/BFNJ8co/l8UWIHWXec6Pxb8dTPXWkOHZG03UGMyKfRdhrO0O6RFOsu2bILlqlum0wUvRuzKCkgeNC74caYs6zMcHVBsxGPe8FLSKU7GGBeDwtmOYPEWRguKS7KzTpIFxMf6c5P8K84X0yWnJq1YMEs8VTi628SiZ/Z+/yB6RMnTjP7Ht36FfuALcS+c2BTpIsqQQe/BT5NPSFttp90Bo77j6VvzjrqXGuFrFQhzabaLL38gs3TMxf1aWiOhcPOpEJNzfHmmP7Xy1cvl7nKnOityJCCvF6BXsE+eXcE7ghWBiqDMwIzgo8FHgvOyns28GxwU2BT8PXA68H3Au8FveGMkL9vRsR/V8Zw/4SMKv8TGbX+VRkr/C9lbPHvzdjj1ytJJcmUvJ4UHGAvkuMMFttJVmZucVF2sNAYcKYkO3uTwgCjL82aPfbOSc8YEXr7viW7viAOkvmHpc/VfHh3zcW5pIDYyI9DBvW7Y+X0/CcTS7ZXVx576YO30u8edvPNxJnuu2LONcMmxWiTDlAa6QjHSSOzH7c1alEni6aiKTrKFTbw9Oyo44w2sKEJB86bL+vfXw7te6DT4k4UdXXejOq16VvqRF0D4NQhGE5hxQNXDat7+eW6kWsiI1+/h/8Pf5WMIgWjX2O9+JlwaPemTbvD3flpv5+UEi+mUj+0+0nUUCcPonbfSBC8fyTqcaVR3Gwln6dtdh21rk3v5KWK1wb9qM3RMx3d0xxrQEckFWwyNbxcFtpX4OvjMzT0BjPIL5ULgJi0pKjF37VtfHb2pUWL+WJ+ku8mg0kmUUgvvuKRqsn/pdPC6sce69uPx0LdSTFJJS7Sg/9uVfWieTOu65qHulpwpekWcUtRF0StR11r09QKxxChwtszDbWLt5vucmh/qbtPh9vcwg0+Rp8K7VrhkR55ZNGiR+Y9+ug8nFb9+bv8HP+Sv01uExa+Fo2+ZmQC/GMew/QxuYV4MN2S1GUnHyXej7rokA49I77UKJy0O6PiSeWofS35Uqj3daywRDwMbFT3GVMs3Gzq1dTU3BTTm9CjwzKqMtBeOQb2eTHEwoY+GHruG1SlLr6eVA/aN+8E0fjVE/P2batZuLCmZv78lxL7JG3b+Ep+gCcwHagUSl/ZvPmVHVu27MA4Q9eiT6vAQuZHBmg+C1hUn6KCcdJUSZYUnyxLzIfwKfioIBknZrAZ6iMEchAmgTFyTpPNEhFlYrHqjYP3aCMH73GMHDt4j8s4eEaOHf02uiJyy5iGxgZnElBj4dQ2PG1H0DYU/YdrA1L/BIJD1QW/GhAK1EKhXO0rDFFHCPep44Vpao2wQF0i1ArL1OXqGlghrBDWSBvVzeoWYbe6RzDSIdVIh4XDwgn1hHpSOCmcU8+p54XzwhX1ivoDfCv8ILWqYYFamVURNDdNZ+mKW/PbsmlX1lXJ1opoT9ZTKdJCtn50MBus9NNm2pZCLV3OnpaWK7XaGlhN17N10nqlTntZ2kMPsUPKHu0wPcFOKIe1z+EkPcf+KJ1TTmp/g/P0CrsoXVHOaz/BVakHgrVKgp1IEI8WjKyP+DSy8MJFshDPO/gT8Z/4E7QXzeL7yJDEucQRMp6/aOBDBz5AdKHfHKQk0tfhA4fILFabYPeJIkMX4SLmI1Q0TgJ1YC3kqI4cu0Z1EbTNyp8EqNcddouqiAIlKgO93Wk3+AtMf6WasxdD0mmA6r/0WGqZrJiu2oYBT3VMARqhw+kkOpcupbX0BbqCbqH76B4zHcbUSE/S85jSGFEFUcQIk0UlhXhFr+SVs8VsKVsuhmJyi1Ailchl9jJHf+hPBgmDWH+xv/QgnSQtpbgmSk/ZnrKvoXVinbTOts6+g74qvMpesb/ieJMcFN5ie9Q92iHL27a37R/TY7Zj9t87PqMXaBka3W0YnNhJV1KME6gP6UCqSTcCpJrn3/behhOzxt6VivMiodAfW0reXf1Nj8F+cy6/CE+zqSwPGa4NiutVamHvEjcyDiCuiMNOrSKSXnm+VYD5IrKieHljDFenJAQ2Y8iXlYWI14aYWtx2or/hp0kOdwvH+RmSzd0s77uzZ78js98hNW2FJIYcwX6XXevXKmrCjf2KCrHKZL4AynxNxn7L443lMdcv+1WN7rpR80joFnKJu7Hj0zxIvuFe7PoMy+PL3uHLjW7bC0nehzs26jL5WcYBOEeJDXSmG9hZEAtF1OFilThLrBWZQQOcwZ1owfWsqmULNsX9SjsnoyCZspBnsD/jtQipEQs7TJYBZSlEkFDecZNThApNjneQ5STuE0/xsy1DzfEv5Iek35rtPBCKWGmKRbd5hBTN6fHqZ443xvTG4wZJjliEw5ZlDjcujoedBQilxzFykeoibupib3Ry0JmUH3TSN8gW/l7i7OQerP8f+Nl4Oj9LsoTlYxO1+/ofo0+Rji1DExvJrfwQnYh6P4nrSWfxW9x7DYl0Be9Ot1qnvWHbKQXq/G+k73Tvydoorc1PcXfwgN4hJVdPEfwef0DNyNfjTQ3xWGPSGcmFsMlgKfx7cykkGcTgTZm5eU5zKUQgTwZkO6EoyS40qJUkNK/ZxHfyjau+njbt1LqtW18+8tbh3c8989RzV/v3JXn3k9vIHc8IOXlHVn/5t9xskl9SOnVC9ZQfx1aOur97JumYmn/o8K9fbrO/NA3taIExEYsiEiapBKmd1aR2DU5DxYglR1FFijC/TJOu43QkBcm04hNVZi4C1CcqqsowyXp5Obtk4ICiXxL1S2MwDEw4I7IzeJAsofeSfYnddA4fzft8yBcjBVxLJye2xp+ijx7lQ5M6iVdN3o7snx2Wl1FJSAGWIgvI/mOGWwvKDS+2OU68yhcnPjYE/dyV7W0ZKp7COGvnr9SYExipuI+Un8JrY774oUfEIXdzd2D2lBTNAd3SuwYMweXl8fJyM2rsGtul++3L0izCrpQOaQVncNR6s3EMEU9KKvITpCV5yO5I0MuMxVf0BouzjUIOad6wY8cGJhvHRDlZQmaScXwzX4msZSV/kYwnM+lPdUvt9G77k3V1T9oTr9mXCnNeyOCX+UVMVzL27s0gTpKGyZWB42jnwtR8x5DkMb2leyADuuAo7BZr54rUIZkVLpvg69kV2V8MSUxjAw7BaY+qW7vmRDv6oz6X52jHtV0x1MrKkNvo8cshdx7y1NKS0pKcktJUScSFXS4pvEZuim7kPDNkR4+Hlj9MvgmXDR/CF7w2YK666qxJeQ4i4UHKQyc/vGjRww8/+iid/nLfvg21sVB+HlO/9GQ6QsNWj72RAuWS3HZuZPgEcYTtRxxRwAkBZGVWwZZitaXrss2lB5N7i+Qc1qNKQI666p3RgLHvw51viLTNDa+7vUCQyeLEkI0ZJGUF6bu9I5Her7w5bPjwYW/y9ZT8dG7EHROmf3058d/0ncJwOPx7ntunT+/ePwu1yzaMqEnvtHLqS5uv4ZuQQL2SmBQl9YhJiHG/xCRv0LlTuJN7WdXZeNt+s4ZfkARsZ09iksMmGeBrYxb7P2CSHmX1qk1y26OWa5jk7k2cxdfRiGR5dTm4e06V8PE7rRCf1QrCrPhdZBiB3ASZ0hjfkrhAOvELtBOt8vOVn5rY2s7HzZ0vjmMixk42XgegPKKx4XbfcBeoaUH9TENDm2VTDL4ubbYcDQaiEEw9ntbYcbN3bVA3N06osHEOJXEoKxPBp9AwsZxiQlSeMxkgwSwS2LbqodgHC/Z/Hr94+gf+LT/7xb7zTzz/a37+RfpO5KYH+xMhtHzNh4W9/vz6LoyC+4eFf9NuZ3YF7aWifu4cRVCleopwIgs2kG2SrpmT3YQg3G4bS5aBOppQpKqKUoT7dFlHqnFpjIEDxLQZu8LX8zX8WVy6pxhLDh2Z2Ilr9k46sr0/cbjBbWHWNaxDv/5zrKv/z7CORNSOgkPQFIfMKmG/F8mPpgiVN0IgrohkOXmKZ1KRP8fXTTKWR/4EEryyxIPkRBVfaeg6G3UNGXwOAhHdEpXqSRRUzSZbbBJBctbYBoMxMxhxHhuxE3QaQUNnv9E5Q/iYr4/3f5ZA9rwx5MCBli1CVQ4fWMvj7XY4i7KtMCjiydFkKig4XlWyyjamoUFsaJAzpvgGZCttFnDRIkVThSJZkWmRSoo0TRXR+qYLFBPkO5lOELIEY4gb43GyiW9475v3jeElTtIQumMhv49sSzzR7vvTpi+yIy41ShnUyxaF2cTrLjljvudBz5+5/qbHmWQUZILBKvgm03SjyKstW8gXPK99DuSZc8ACN/aTXEuicj2uJTZgNuSq/2wtYafbxRomi29hVSizfb9G0WJtfZh7cYqRC8m3v2y92UdHxDA5CvUiwU4kBSd8PIkYYRyB1+xCYc/zqXwDn2ICh/BrlNfO3Skih4GLs/koebHkwVmcDQUwOKJ3q3BlZ3dUbal5VqHC3zNkaB4OI3Lo5ixO6yJFUzueTM+BqC37pCPzaNqX3vS1lq0h3DOGm5rDTVhV/2v4Mi5ebbhe6sxFi5a0bxzzUDEpK9O4KAynijjT2zeRm26dP//Wh3r16kWqp65M7iRXTuXrscyvEg3L1I5PH8JawiPGDnIQiQ+im3jGwPbd5UDehXw2kAwkAqaBA98dxNkgc6uJ427fa1Jck01f8Qvi6vaYUBAixSje1WQbxgW1Wk1/NRr2PB4LN4ev+cwATbY6npoMi3c4AiND1xnuS1ww5D6O/qkz55L/ALHZ7Aa46GdQGMbXfhq12uR6KGjC1SaEwjJzixHcPSk9DfFCiK+o206qeww5jNLfeGMXGf7R3jHkU2SzRlwgdzLkZoGTPW6uAN2T+3vs7028r0EqBCNOMWqz1KOHwOYSrTaLnpZc2gy63GSsZEV5xvKFTikx2Gg41YBYXMCE6s55w998c1jnzokBpPrYVwsWLlzwVeIEub+PP+PngF+4ld9z18j9+0eMSPbZ+pU8zXwXE4DeEXtGhTYkrcIpuCjOJlxL4+VnwjHjNULE7Y0KTpt81NMpanNGKdTb1noKmpobDWLQjBhozrVCRJRgGx3Iy80zXuPdwAhwAj7vqasjmddffNSt9qzCWXNv2ysRnJV9Dj/3XPvav3zFYd77+nsRQ98+aKMF5tqfAndEVI9oc0IFRrje2JB0TETLYVGPFNXr3aoxRdFSCEMHvD4txaea2BPTYwi3DvPzgSLIAjU/v1QS03dIllVyMykuKik0gVEgfx82dsmSscMQLnLufuzz/6VBvv6xnym/PUIcveNvk3PdX5u6eSMCyTr+IM7BMG9S9suTsRSEHACVoaQ+pDcKzG5/sWfSDQduGX3UQI65rKLl/Zb32dUu/SL3D22F5sqP51cfvHNUVXFZZGoFmSJPNh9X8E+7dRvcu2zMhvGHPurchX9Y0XfYgJvvK+oxfvGI7i/wjWTitc8fQ27IO9o+MN2OxnvcAAm0nwcz3hdxdRPPYyw+CqAUoa4Yf1o2ZtxyaWcwxwAseG3ZBmCdBuZks/XDjO3siGj2dMwXARy1mN8C0G/BjP3oeM85GsDFMFdhbgJwl2NGfdwrMKN89x7M3wIYn7E8WN/zI4B3OGbUy3sYIAX1ScF2qY8bX+Wwkgz3Gl+/GCInCZloZ5QJpOBVsoxMlwxoKwsQIEPbygzLM9rKIqSR59rKEmSQ7dAXZprfy+bAFHgQJsNc87vYBMjHcxhCmAqxNB5rBKAC68yFGsxzYBKMg+lwE94dCDOw/s1YuhWmYQrAiGuyasyrSXiehG0exuNErKn9G72WXOt1JPb0MPY1FdvMwNqGHuOwzf+vx35YmortRsE8rDEB644zpU0yW4wzRxRAKTPwOAvrjEe5U7BeANvPxN7Hmc/+Uc5dppQa1Ggm1p/4L54G/u3no0yta7CvmaYmYdS9EEp/0a69VbdrrYRk2Lc+hjHyz36EraYH0fcgForr8DIjeRY+h2rqwnlhUQRBYpSyv8GM1k8h0aplV+Vj2FiHV/efiFoEWlslD/eQ9fJ08tX/AYLEMQAKZW5kc3RyZWFtCmVuZG9iagp4cmVmCjAgMjgKMDAwMDAwMDAwMCA2NTUzNSBmIAowMDAwMDAwMDA5IDAwMDAwIG4gCjAwMDAwMDAwNzQgMDAwMDAgbiAKMDAwMDAwMDEyMCAwMDAwMCBuIAowMDAwMDAwMjkyIDAwMDAwIG4gCjAwMDAwMDAzMjEgMDAwMDAgbiAKMDAwMDAwMDUwMCAwMDAwMCBuIAowMDAwMDAwNjAzIDAwMDAwIG4gCjAwMDAwMDI5NDEgMDAwMDAgbiAKMDAwMDAwMzA4MyAwMDAwMCBuIAowMDAwMDAzNDc4IDAwMDAwIG4gCjAwMDAwMDQ2OTUgMDAwMDAgbiAKMDAwMDAwNDc2NCAwMDAwMCBuIAowMDAwMDA1MjMwIDAwMDAwIG4gCjAwMDAwMDUzNzkgMDAwMDAgbiAKMDAwMDAwNTc3NSAwMDAwMCBuIAowMDAwMDA2NDgzIDAwMDAwIG4gCjAwMDAwMDY1NTIgMDAwMDAgbiAKMDAwMDAwNjkxMCAwMDAwMCBuIAowMDAwMDA3MDE1IDAwMDAwIG4gCjAwMDAwMDkyNzEgMDAwMDAgbiAKMDAwMDAwOTQ3MSAwMDAwMCBuIAowMDAwMDIwMzQ5IDAwMDAwIG4gCjAwMDAwMjA1NTUgMDAwMDAgbiAKMDAwMDAyNjI2OCAwMDAwMCBuIAowMDAwMDI2NDY4IDAwMDAwIG4gCjAwMDAwMzczNDYgMDAwMDAgbiAKMDAwMDAzNzU1MiAwMDAwMCBuIAp0cmFpbGVyCjw8Ci9TaXplIDI4Ci9Sb290IDEgMCBSCi9JbmZvIDUgMCBSCi9JRFs8MTcxZjc1ODIwYTVmZGUyMmUyOWVlYjk1YjNmOWRhMzA+PDE3MWY3NTgyMGE1ZmRlMjJlMjllZWI5NWIzZjlkYTMwPl0KPj4Kc3RhcnR4cmVmCjQzMjY1CiUlRU9GCqCCBpIwggaOMIIEdqADAgECAhQVy8qy1aJPS6B6T6DR3R0CQDw38jANBgkqhkiG9w0BAQsFADBSMQswCQYDVQQGEwJLWjFDMEEGA1UEAww60rDQm9Ci0KLQq9KaINCa0KPTmNCb0JDQndCU0KvQoNCj0KjQqyDQntCg0KLQkNCb0KvSmiAoUlNBKTAeFw0yMzAyMjMxMDQ0NDhaFw0yNDAyMjMxMDQ0NDhaMIGtMSYwJAYDVQQDDB3QkdCe0JvQkNCi0JHQldCaINCU0JjQndCQ0KDQkDEZMBcGA1UEBAwQ0JHQntCb0JDQotCR0JXQmjEYMBYGA1UEBRMPSUlOMDAwODI2NjAwMzE3MQswCQYDVQQGEwJLWjEbMBkGA1UEKgwS0JzQkNCg0JDQotKa0KvQl9CrMSQwIgYJKoZIhvcNAQkBFhVib2xhdGJla2QxbkBnbWFpbC5jb20wggEiMA0GCSqGSIb3DQEBAQUAA4IBDwAwggEKAoIBAQCHw5LU3K7hd1W00ZkTJDHxsF82qiNbGMh6tQ4WX48xUSb0J6+Z2wqqpAi/J4XoKimJsf890QbWI9x2+GS96FMMKY9CfNX0uaGs9UMv4KHiZn4juqWfGGdgzakZaqJW5mfXfHKaLfK1mY3guAU89kdQyv7PRtKx35hbayACkJD9KdZ6mI5KxWI2C6POBAvV91csYubuJR+2yH6fm04Uq7AKGsgkyijOFWgkKwXkss1g3aaw6KPvddcqvQFCb6gjyLqqzHDqr3Ao9ckNRpcPQStuWXk2e8SnX/Rf3rMFG0M1Z1NUmz+sw7jOC+R0L+03SBeGY+pNSwphKFhCe7da5ouBAgMBAAGjggH+MIIB+jAOBgNVHQ8BAf8EBAMCBsAwKAYDVR0lBCEwHwYIKwYBBQUHAwQGCCqDDgMDBAEBBgkqgw4DAwQDAgEwXgYDVR0gBFcwVTBTBgcqgw4DAwIDMEgwIQYIKwYBBQUHAgEWFWh0dHA6Ly9wa2kuZ292Lmt6L2NwczAjBggrBgEFBQcCAjAXDBVodHRwOi8vcGtpLmdvdi5rei9jcHMwVgYDVR0fBE8wTTBLoEmgR4YhaHR0cDovL2NybC5wa2kuZ292Lmt6L25jYV9yc2EuY3JshiJodHRwOi8vY3JsMS5wa2kuZ292Lmt6L25jYV9yc2EuY3JsMFoGA1UdLgRTMFEwT6BNoEuGI2h0dHA6Ly9jcmwucGtpLmdvdi5rei9uY2FfZF9yc2EuY3JshiRodHRwOi8vY3JsMS5wa2kuZ292Lmt6L25jYV9kX3JzYS5jcmwwYgYIKwYBBQUHAQEEVjBUMC4GCCsGAQUFBzAChiJodHRwOi8vcGtpLmdvdi5rei9jZXJ0L25jYV9yc2EuY2VyMCIGCCsGAQUFBzABhhZodHRwOi8vb2NzcC5wa2kuZ292Lmt6MB0GA1UdDgQWBBQVy8qy1aJPS6B6T6DR3R0CQDw38jAPBgNVHSMECDAGgARbanQRMBYGBiqDDgMDBQQMMAoGCCqDDgMDBQEBMA0GCSqGSIb3DQEBCwUAA4ICAQAj2iu/oep8WTgFIWB1OLrxeN4aoiOSIuX5eT/m5qibIgfL+OcqVywwC0c8XMWTp/Tcg8mN3lxUrlRO3LjaJ7948nZQdY+htEuE1wZviryLFUDhHTXJHY5xDRmooDjIBTJT3gTUnQnmkLrqeRGU9A11rEMcTcZhsPcnKCubM5S/LBCeUnONcUYY0GB7cG63+H06ush4GhDBSXiSpSeyl8UyE39I1kja6pQ9qjGs/woDFh+zlhZqc9XkamDQsASS9Eb6kppdhJ2bvwWOWMA1FN1sfZ5W6GoK0IwGKWp4bEj9fY1LVamSMkexfJGTPBy9OQZ9Bo8f7/bm8wPDy/Wlv1rfBq+3ZSZvm7fkaNLSrgYLZreNlWElA4L9qAK9/kDQrw4qSEobhdvFD746//SwFbt4oYAEDUv8nOImKu/mZ5ZQTgK3eoZm6B99ChuULl1PFC5c0PYvC5MjGQ9buZ9uFLGu6P/KCwpoJmNIB3rrFe0BEuRFAMXodiFhWBWThz3U3eJDdttaGbHnF9hULhgd1aa2wFiNaM+CQRTCY3GEK1HQXzobIEjPpGY6kB4MFiVyvcKJxPGX74K/AEfov26j5T6HFSkMLksW7mJIHGysSSb3zlM1W85vp9VTEu2jGDDwZZWeVhSieKBwpD/y8kZjdgIi2LwZflaOO29a06RnwtEMKDGCAjowggI2AgEBMGowUjELMAkGA1UEBhMCS1oxQzBBBgNVBAMMOtKw0JvQotCi0KvSmiDQmtCj05jQm9CQ0J3QlNCr0KDQo9Co0Ksg0J7QoNCi0JDQm9Cr0pogKFJTQSkCFBXLyrLVok9LoHpPoNHdHQJAPDfyMA0GCWCGSAFlAwQCAQUAoIGiMBgGCSqGSIb3DQEJAzELBgkqhkiG9w0BBwEwHAYJKoZIhvcNAQkFMQ8XDTIzMDIyODEwMzk0MFowLwYJKoZIhvcNAQkEMSIEIHtqNbg9pS4heKJ6klYIhBXKEqRA9s2wffLRdAaJCyoKMDcGCyqGSIb3DQEJEAIvMSgwJjAkMCIEIJ7YyZNtl9RSER/C5wpDEzhjHJ5nr8umW3ZkXPj+9LDTMA0GCSqGSIb3DQEBCwUABIIBACBB++bH+PEQlWB+CuGrGe3gtBJl1iT175xaqVmZfn/ygsT/pPHhJfRuhPDGOUaWxRAQqJGdt1RQQlIxMHz8FXAjTCw28Jv73+C6lNouvgnuIPz6ipfwy4IB9EPNza8B4mxy1/pmOxRVV8RM7G6ksSY4D7RCkELiOAXJdXSJlPB6lV4vdHQH+dSRAFnJA5LzjXR7Z9Xpb73NyuGCBrQMUiE5t7z1xGg+PPrJPa8B8z4O2r4JNjn/6eayKFsWEclhPpn7R+5dlOei7JRAWz6GwEvjPeCDWaLxNOHvqc7u1FkatSlJ3BS/7wDM+sCDkzRDKOS2h7EvDwzWsX/WxiPKvYU=','2023-02-28 16:39:39','2023-02-28 10:39:39','2023-02-28 10:39:39');
/*!40000 ALTER TABLE `user_signs` ENABLE KEYS */;
UNLOCK TABLES;

--
-- Table structure for table `users`
--

DROP TABLE IF EXISTS `users`;
/*!40101 SET @saved_cs_client     = @@character_set_client */;
/*!50503 SET character_set_client = utf8mb4 */;
CREATE TABLE `users` (
  `id` bigint unsigned NOT NULL AUTO_INCREMENT,
  `surname` varchar(255) CHARACTER SET utf8mb4 COLLATE utf8mb4_unicode_ci NOT NULL,
  `name` varchar(255) CHARACTER SET utf8mb4 COLLATE utf8mb4_unicode_ci NOT NULL,
  `middlename` varchar(255) CHARACTER SET utf8mb4 COLLATE utf8mb4_unicode_ci DEFAULT NULL,
  `region_id` int NOT NULL,
  `email` varchar(255) CHARACTER SET utf8mb4 COLLATE utf8mb4_unicode_ci NOT NULL,
  `email_verified_at` timestamp NULL DEFAULT NULL,
  `password` varchar(255) CHARACTER SET utf8mb4 COLLATE utf8mb4_unicode_ci NOT NULL,
  `remember_token` varchar(100) CHARACTER SET utf8mb4 COLLATE utf8mb4_unicode_ci DEFAULT NULL,
  `created_at` timestamp NULL DEFAULT NULL,
  `updated_at` timestamp NULL DEFAULT NULL,
  PRIMARY KEY (`id`),
  UNIQUE KEY `users_email_unique` (`email`)
) ENGINE=InnoDB AUTO_INCREMENT=82 DEFAULT CHARSET=utf8mb4 COLLATE=utf8mb4_unicode_ci;
/*!40101 SET character_set_client = @saved_cs_client */;

--
-- Dumping data for table `users`
--

LOCK TABLES `users` WRITE;
/*!40000 ALTER TABLE `users` DISABLE KEYS */;
INSERT INTO `users` VALUES (31,'Bolatbek','Dinara',NULL,1,'bolatbekd1n@gmail.com',NULL,'$2y$10$SiSTehzJdWJXuA.hNlrnSeysvYWWN/eYg.5632bKdT7f6VDfsRoV6',NULL,'2023-02-20 00:23:51','2023-02-20 00:23:51'),(32,'Иванова','Екатерина','Владимировна',16,'fgh@fgh.com',NULL,'$2y$10$6o0MexBVWgZh7BlYE5qcbezNwNEjbRnKgYeqHq31NpHzBzwSOAX.G',NULL,'2023-02-20 02:40:26','2023-02-28 03:38:46'),(33,'Фамилия тест','Имя тест',NULL,1,'test_user_55@mail.com',NULL,'$2y$10$3Xa0IDowRasE3nmXuVmoGehXhyUCcb4cXBbtx3227kClHHtFcDjF2',NULL,'2023-02-20 03:47:50','2023-02-20 03:47:50'),(34,'Танатар','Кунбатар','Куншыгар',1,'petrov@apa.com',NULL,'$2y$10$50l8CXW8puwe/PSdzT2AdO32oWIO76Uyrkr4SxWVWJ4FmQH/bWKPu',NULL,'2023-02-20 08:15:05','2023-03-06 09:46:26'),(35,'Кулынчаков','Канат','Сабитович',1,'kana_002@bk.ru',NULL,'a665a45920422f9d417e4867efdc4fb8a04a1f3fff1fa07e998e86f7f7a27ae3',NULL,'2023-02-21 21:10:06','2023-02-21 21:10:06'),(40,'kairat','kair','kairatttt',17,'kairat@mail.ru',NULL,'$2y$10$O/3RqkxsZ.I4pMcn72rVW.K0rA6tqyaBgLf9Wame52iAvrz5zC/I.',NULL,'2023-02-23 06:20:30','2023-02-23 06:20:30'),(41,'ddddd','ssssssss','aaaaaaaaaaa',17,'kana@mail.ru',NULL,'$2y$10$RBAyY9GtVTmBEGalSfiwOuM0W2knWLk3d5/ky9jdaHgMrjXLmogU.',NULL,'2023-02-23 06:21:40','2023-02-23 06:21:40'),(42,'Аймановa','Мариям','Сайлауовн',17,'1test_admin@test.com',NULL,'$2y$10$aySjXmF9XpGOTB6g5kRdR.6BU.GOGhoeaGKjuiiYFpSVWb1frWYrG',NULL,'2023-02-21 21:14:15','2023-02-23 21:20:10'),(43,'Аймановa','Мариям','Сайлауовна',17,'ttest_admin@test.com',NULL,'$2y$10$aySjXmF9XpGOTB6g5kRdR.6BU.GOGhoeaGKjuiiYFpSVWb1frWYrG',NULL,'2023-02-21 21:14:15','2023-02-23 21:20:10'),(50,'admin_sko','admin_sko',NULL,16,'admin_sko@test.com',NULL,'$2y$10$VtJ9dtgFUO51pop8D3HHE.mevyFbBmu5dOUy6PZENEbpAULyDmwse',NULL,'2023-02-27 10:11:29','2023-02-27 10:11:29'),(54,'Досыбаев','Жаман','Жалганович',1,'jalgas@mail.com',NULL,'$2y$10$ISkUMrNiMWmToFJNg/7hkuw66o1bviYjlqYoqdzhbrbAoP/Vs.3VW',NULL,'2023-02-27 11:42:49','2023-02-27 11:42:49'),(57,'Пинжебай','Асыл','Маханов',1,'aska@mail.ru',NULL,'$2y$10$T6s9rDL0sw0WDVhsApO2/.fZJLva02IRxjQkkqFfhTYJWUj4bRDbO',NULL,'2023-03-03 05:05:20','2023-03-03 05:05:20'),(79,'Танатар','Кунбатар','Куншыгар',1,'shyg@bk.ru',NULL,'$2y$10$J3IO9EW1izUSeMDenhFQ/OA.mtWI2RxSiVCCYA7ZLbO3pVTKIAhny',NULL,'2023-03-03 09:42:58','2023-03-06 09:51:09'),(80,'фыв','фыв','фыв',1,'test_admin@test.com',NULL,'$2y$10$9tQ/SOr/9R4igivY8i2JYelZfjsvGbTU.JYZ5rKPKxxwZ5oZYja4C',NULL,'2023-03-07 02:57:53','2023-03-07 02:57:53'),(81,'asd','asd','asd',1,'gov_din@mail.com',NULL,'$2y$10$eAvlVyOC80rKsr/TP/kZ8esDB3shFYZDOmzNs84rmWoHsmwQKT.CO',NULL,'2023-03-07 11:20:46','2023-03-07 11:20:46');
/*!40000 ALTER TABLE `users` ENABLE KEYS */;
UNLOCK TABLES;
/*!40103 SET TIME_ZONE=@OLD_TIME_ZONE */;

/*!40101 SET SQL_MODE=@OLD_SQL_MODE */;
/*!40014 SET FOREIGN_KEY_CHECKS=@OLD_FOREIGN_KEY_CHECKS */;
/*!40014 SET UNIQUE_CHECKS=@OLD_UNIQUE_CHECKS */;
/*!40101 SET CHARACTER_SET_CLIENT=@OLD_CHARACTER_SET_CLIENT */;
/*!40101 SET CHARACTER_SET_RESULTS=@OLD_CHARACTER_SET_RESULTS */;
/*!40101 SET COLLATION_CONNECTION=@OLD_COLLATION_CONNECTION */;
/*!40111 SET SQL_NOTES=@OLD_SQL_NOTES */;

-- Dump completed on 2023-03-09 12:47:56
